:020000040800F2
:1000000000000420652C0008E12B0008E32B000809
:10001000E52B0008E72B0008E92B0008B52C0008A9
:10002000000000000000000000000000EB2B0008B2
:10003000ED2B000800000000EF2B0008F12B00085A
:10004000B52C0008B52C0008B52C0008B52C00080C
:10005000B52C0008B52C0008B52C0008B52C0008FC
:10006000B52C0008B52C0008B52C0008B52C0008EC
:10007000B52C0008B52C0008B52C0008B52C0008DC
:10008000B52C0008B52C0008B52C0008B52C0008CC
:10009000B52C0008B52C0008B52C0008B52C0008BC
:1000A000B52C0008B52C0008B52C0008B52C0008AC
:1000B000B52C0008B52C0008B52C0008B52C00089C
:1000C000B52C0008B52C0008B52C0008B52C00088C
:1000D000B52C0008B52C0008B52C0008B52C00087C
:1000E000B52C0008B52C0008B52C0008B52C00086C
:1000F000B52C0008B52C0008B52C0008B52C00085C
:10010000B52C0008B52C0008B52C0008B52C00084B
:10011000B52C0008B52C0008B52C0008B52C00083B
:10012000B52C0008B52C0008B52C0008B52C00082B
:10013000B52C0008B52C000800000000B52C000804
:10014000B52C0008B52C0008B52C0008B52C00080B
:10015000B52C0008B52C0008B52C0008B52C0008FB
:10016000B52C0008B52C0008B52C000800000000D4
:10017000B52C0008B52C0008B52C000800000000C4
:10018000B52C0008B52C0008B52C0008B52C0008CB
:10019000B52C0008B52C0008B52C0008B52C0008BB
:1001A000B52C0008B52C0008B52C00080000000094
:1001B000B52C0008B52C0008B52C0008B52C00089B
:1001C000B52C0008B52C0008B52C0008B52C00088B
:1001D000B52C0008B52C0008B52C0008B52C00087B
:1001E000000000000000000000000000B52C000826
:1001F000B52C000800000000B52C0008B52C000844
:10020000B52C0008B52C0008B52C0008B52C00084A
:10021000B52C0008B52C000800000000B52C000823
:10022000000000000000000000000000B52C0008E5
:08023000B52C0008B52C0008F4
:100238000348044B834202D0034B03B1184770476D
:10024800980000209800002000000000064B074995
:10025800C91A891048BF0131491003D0044B0BB1AA
:1002680001481847704700BF9800002098000020F8
:100278000000000010B5064C237843B9FFF7D8FFFB
:10028800044B13B10448AFF300800123237010BD61
:10029800A000002000000000084C010808B5044B2D
:1002A8001BB104490448AFF30080BDE80840CDE71E
:1002B80000000000A4000020084C010881F0004163
:1002C80002E000BF83F0004330B54FEA41044FEA33
:1002D800430594EA050F08BF90EA020F1FBF54EACE
:1002E800000C55EA020C7FEA645C7FEA655C00F06A
:1002F800E2804FEA5454D4EB5555B8BF6D420CDD3B
:100308002C4480EA020281EA030382EA000083EABD
:10031800010180EA020281EA0303362D88BF30BD5D
:1003280011F0004F4FEA01314FF4801C4CEA1131B3
:1003380002D0404261EB410113F0004F4FEA033312
:100348004CEA133302D0524263EB430394EA050F9D
:1003580000F0A780A4F10104D5F1200E0DDB02FA0C
:100368000EFC22FA05F2801841F1000103FA0EF2A0
:10037800801843FA05F359410EE0A5F120050EF166
:10038800200E012A03FA0EFC28BF4CF0020C43FA97
:1003980005F3C01851EBE37101F0004507D54FF0A4
:1003A800000EDCF1000C7EEB00006EEB0101B1F5F4
:1003B800801F1BD3B1F5001F0CD349085FEA30003A
:1003C8004FEA3C0C04F101044FEA445212F5800F45
:1003D80080F09A80BCF1004F08BF5FEA500C50F1E2
:1003E800000041EB045141EA050130BD5FEA4C0CC5
:1003F800404141EB0101013C28BFB1F5801FE9D222
:1004080091F0000F04BF01460020B1FA81F308BF44
:100418002033A3F10B03B3F120020CDA0C3208DD10
:1004280002F1140CC2F10C0201FA0CF021FA02F1EB
:100438000CE002F11402D8BFC2F1200C01FA02F15B
:1004480020FA0CFCDCBF41EA0C019040E41AA2BF80
:1004580001EB0451294330BD6FEA04041F3C1CDA48
:100468000C340EDC04F11404C4F1200220FA04F068
:1004780001FA02F340EA030021FA04F345EA030112
:1004880030BDC4F10C04C4F1200220FA02F001FAD4
:1004980004F340EA0300294630BD21FA04F0294656
:1004A80030BD94F0000F83F4801306BF81F48011EF
:1004B8000134013D4EE77FEA645C18BF7FEA655C62
:1004C80029D094EA050F08BF90EA020F05D054EA34
:1004D800000C04BF1946104630BD91EA030F1EBF39
:1004E8000021002030BD5FEA545C05D1400049413D
:1004F80028BF41F0004130BD14F580043CBF01F530
:10050800801130BD01F0004545F0FE4141F4700115
:100518004FF0000030BD7FEA645C1ABF19461046F0
:100528007FEA655C1CBF0B46024650EA013406BFF1
:1005380052EA033591EA030F41F4002130BD00BFB0
:1005480090F0000F04BF0021704730B54FF480646D
:1005580004F132044FF000054FF0000150E700BFEE
:1005680090F0000F04BF0021704730B54FF480644D
:1005780004F1320410F0004548BF40424FF000013A
:100588003EE700BF42004FEAE2014FEA31014FEA7D
:1005980002701FBF12F07F4393F07F4F81F06051CC
:1005A800704732F07F4208BF704793F07F4F04BF17
:1005B80041F40021704730B54FF4607401F00045F4
:1005C80021F000411CE700BF50EA010208BF704754
:1005D80030B54FF000050AE050EA010208BF704745
:1005E80030B511F0004502D5404261EB41014FF4AE
:1005F800806404F132045FEA915C3FF4D8AE4FF0B6
:1006080003025FEADC0C18BF03325FEADC0C18BF98
:10061800033202EBDC02C2F1200300FA03FC20FAE9
:1006280002F001FA03FE40EA0E0021FA02F1144436
:10063800BDE600BF70B54FF0FF0C4CF4E06C1CEA4F
:1006480011541DBF1CEA135594EA0C0F95EA0C0FC0
:1006580000F0DEF82C4481EA030621EA4C5123EA33
:100668004C5350EA013518BF52EA033541F4801162
:1006780043F4801338D0A0FB02CE4FF00005E1FB15
:1006880002E506F00042E0FB03E54FF00006E1FB5F
:1006980003569CF0000F18BF4EF0010EA4F1FF04A2
:1006A800B6F5007F64F5407404D25FEA4E0E6D41E2
:1006B80046EB060642EAC62141EA55514FEAC520F3
:1006C80040EA5E504FEACE2EB4F1FD0C88BFBCF56F
:1006D800E06F1ED8BEF1004F08BF5FEA500E50F120
:1006E800000041EB045170BD06F0004646EA0101E6
:1006F80040EA020081EA0301B4EB5C04C2BFD4EB18
:100708000C0541EA045170BD41F480114FF0000E10
:10071800013C00F3AB8014F1360FDEBF002001F07E
:10072800004170BDC4F10004203C35DA0C341BDCF8
:1007380004F11404C4F1200500FA05F320FA04F0CA
:1007480001FA05F240EA020001F0004221F00041FE
:1007580010EBD37021FA04F642EB06015EEA430E71
:1007680008BF20EAD37070BDC4F10C04C4F12005A1
:1007780000FA04F320FA05F001FA04F240EA020054
:1007880001F0004110EBD37041F100015EEA430E25
:1007980008BF20EAD37070BDC4F1200500FA05F245
:1007A8004EEA020E20FA04F301FA05F243EA0203C4
:1007B80021FA04F001F0004121FA04F220EA0200D3
:1007C80000EBD3705EEA430E08BF20EAD37070BD19
:1007D80094F0000F0FD101F00046400041EB0101F9
:1007E80011F4801F08BF013CF7D041EA060195F0DB
:1007F800000F18BF704703F00046520043EB030395
:1008080013F4801F08BF013DF7D043EA0603704781
:1008180094EA0C0F0CEA135518BF95EA0C0F0CD08C
:1008280050EA410618BF52EA4306D1D181EA0301D2
:1008380001F000414FF0000070BD50EA410606BFCC
:100848001046194652EA430619D094EA0C0F02D111
:1008580050EA013613D195EA0C0F05D152EA033656
:100868001CBF104619460AD181EA030101F0004174
:1008780041F0FE4141F470014FF0000070BD41F0BD
:10088800FE4141F4780170BD70B54FF0FF0C4CF497
:10089800E06C1CEA11541DBF1CEA135594EA0C0FB6
:1008A80095EA0C0F00F0A7F8A4EB050481EA030E03
:1008B80052EA03354FEA013100F088804FEA0333EA
:1008C8004FF0805545EA131343EA12634FEA0222B8
:1008D80045EA111545EA10654FEA00260EF0004179
:1008E8009D4208BF964244F1FD0404F5407402D2CB
:1008F8005B084FEA3202B61A65EB03055B084FEA5C
:1009080032024FF480104FF4002CB6EB020E75EB58
:10091800030E22BFB61A754640EA0C005B084FEA80
:100928003202B6EB020E75EB030E22BFB61A7546FD
:1009380040EA5C005B084FEA3202B6EB020E75EB48
:10094800030E22BFB61A754640EA9C005B084FEAC0
:100958003202B6EB020E75EB030E22BFB61A7546CD
:1009680040EADC0055EA060E18D04FEA051545EABC
:1009780016754FEA06164FEAC30343EA52734FEA65
:10098800C2025FEA1C1CC0D111F4801F0BD141EADE
:1009980000014FF000004FF0004CB6E711F4801F43
:1009A80004BF01430020B4F1FD0C88BFBCF5E06F23
:1009B8003FF6AFAEB5EB030C04BFB6EB020C5FEA33
:1009C800500C50F1000041EB045170BD0EF0004E88
:1009D8004EEA113114EB5C04C2BFD4EB0C0541EABA
:1009E800045170BD41F480114FF0000E013C90E6B7
:1009F80045EA060E8DE60CEA135594EA0C0F08BF7B
:100A080095EA0C0F3FF43BAF94EA0C0F0AD150EA79
:100A180001347FF434AF95EA0C0F7FF425AF10460C
:100A280019462CE795EA0C0F06D152EA03353FF434
:100A3800FDAE1046194622E750EA410618BF52EAB1
:100A480043067FF4C5AE50EA41047FF40DAF52EA85
:100A580043057FF4EBAE12E74FEA410212F50012AC
:100A680015D211D56FF47873B3EB625212D94FEAED
:100A7800C12343F0004343EA505311F0004F23FAD7
:100A880002F018BF404270474FF00000704750EA2C
:100A9800013005D111F0004008BF6FF000407047E9
:100AA8004FF00000704700BF4A0011D212F5001243
:100AB80011D20DD56FF47873B3EB62520ED44FEAAE
:100AC800C12343F0004343EA505323FA02F070472E
:100AD8004FF00000704750EA013002D14FF0FF306C
:100AE80070474FF00000704753B94AB9002908BF52
:100AF80000281CBF4FF0FF314FF0FF3000F08CB9D9
:100B0800ADF1080C6DE904CE00F006F8DDF804E05C
:100B1800DDE9022304B070472DE9F04F099D0E4628
:100B280004460F46002B47D18A429446B2FA82F314
:100B38005AD943B102FA03FCC3F120029F409C40FA
:100B480020FA02F217434FEA1C461FFA8CFE220CC9
:100B5800B7FBF6F106FB117701FB0EF042EA0742FC
:100B6800904208D91CEB020201F1FF3702D29042F1
:100B780000F23C813946121AA4B2B2FBF6F006FB29
:100B8800102200FB0EFE44EA0244A64508D91CEBDD
:100B9800040400F1FF3202D2A64500F22A81104671
:100BA80040EA0140A4EB0E0400211DB1DC40002303
:100BB800C5E90043BDE8F08F8B4205D90DB1C5E901
:100BC800000100210846F5E7B3FA83F100294FD167
:100BD800B342C0F00281824240F2FF800846002DF5
:100BE800E8D0C5E90047E5E7002B40F0AF808A1A56
:100BF8004FEA1C4E1FFA8CF70121B2FBFEF60EFBE2
:100C08001620220C42EA004207FB06F090420FD958
:100C18001CEB020206F1FF382CBF4FF001094FF020
:100C28000009904203D9B9F1000F00F0DC80464674
:100C3800121AA4B2B2FBFEF00EFB102200FB07F75B
:100C480044EA0244A7420FD91CEB040400F1FF3226
:100C58002CBF4FF0010E4FF0000EA74203D9BEF192
:100C6800000F00F0C9801046E41B40EA06409CE7EC
:100C7800C1F120048B4006FA01FC00FA01FE22FAB9
:100C880004F7E6408A401F4320FA04F34FEA174866
:100C980043EA0C031FFA87FC4FEA1349B6FBF8F046
:100CA80008FB106649EA064600FB0CF9B1450ED967
:100CB800BE1900F1FF3A2CBF4FF0010B4FF0000BAB
:100CC800B14503D9BBF1000F00F0A2805046A6EB56
:100CD80009061FFA83F9B6FBF8F308FB136603FB52
:100CE8000CFC49EA0646B4450ED9BE1903F1FF3893
:100CF8002CBF4FF001094FF00009B44503D9B9F1F1
:100D0800000F00F08280434643EA0040A6EB0C0641
:100D1800A0FB028C66454346E14602D307D1C6458F
:100D280005D2B8EB02036CEB070C0138E1465DB164
:100D3800BEEB030266EB090606FA04F422FA01F395
:100D4800CE401C43C5E90046002133E702FA03FC04
:100D5800C3F1200299409C40D6404FEA1C4E20FA2D
:100D680002F21FFA8CF7B6FBFEF00A430EFB106680
:100D7800110C41EA064100FB07F68E420ED91CEB26
:100D8800010100F1FF382CBF4FF001094FF00009B5
:100D98008E4202D9B9F1000F34D04046891B92B275
:100DA800B1FBFEF60EFB161142EA014206FB07F103
:100DB80091420ED91CEB020206F1FF382CBF4FF00E
:100DC80001094FF00009914202D9B9F1000F16D07C
:100DD8004646521A46EA00410FE7841A66EB0302B8
:100DE80001201746FBE6023E624421E702396244CD
:100DF800C1E664440238D3E66444023834E7023E6C
:100E08006244E6E702386144C8E7023B3E447BE7B8
:100E180002383E445BE700BF704700BF01292DE957
:100E2800F0415DD94FF0010800244FF0FF35C64668
:100E3800434608E0A3EB05081C464FF0010E04EBFF
:100E48000E03994210D900EB050CC75C1CF80E6024
:100E5800B742EFD332D04FF001082546C646444486
:100E680004EB0E039942EED8012700244FF0FF3619
:100E7800C2F80080BE463B4607E09F1B1C464FF069
:100E8800010E04EB0E03994210D900EB060C10F882
:100E980003801CF80EC0E045EFD814D00127264681
:100EA800BE463C4404EB0E039942EED80136681C5A
:100EB800864201D330461760BDE8F081C64507D0A9
:100EC8000EF1010EBBE7BE4506D00EF1010ED8E7C4
:100ED80074444FF0010EB2E774444FF0010ED0E7AE
:100EE80001270026E6E700BF2DE9F04F174687B037
:100EF8008046894605AA194638461C46FFF78EFFE4
:100F0800059B82463846F9180293524601F00AFCBE
:100F180000285ED144F400630646A9EB04010546A7
:100F28000193CAF1010B029BE31A0393A9421AD356
:100F38005645334638BF53469C4222D9581EEA18B4
:100F48003844424402E001339C421AD012F801CBE3
:100F580010F801EFE645F6D09C4212D95D44002610
:100F68001D44A942E4D2019908EB090001F008FCEC
:100F78008144A9EB0401A942DAD2002007B0BDE8F8
:100F8800F08F56450AF1FF336FD205EB0A0207EBE3
:100F98000A000095424402E09E4211D0734610F8C0
:100FA80001CD03F1FF3E12F8015DAC45F4D0009D80
:100FB800013301369E4207D8029B039E1D44B5E7C4
:100FC8000136009D9E42F7D908EB050007B0BDE841
:100FD800F08FA4EB0A030025A9EB04010AF1FF3600
:100FE8005345CAF1010B38BF5346013301930593AA
:100FF80044F400630093A94216D3544520D905EB65
:101008000A02B8195346424402E001339C4217D001
:1010180012F801CB10F801EFE645F6D09C420FD943
:101028005D441D44A942E8D2009908EB090001F08B
:10103800A7FB8144A9EB0401A9429ED35445DED8FD
:10104800BAF1000FC0D005EB0A0007EB0A024044D2
:1010580001E0BB42B8D012F801ED10F801CD1346FB
:10106800E645F6D0019B1D44C5E75346A1E700BFFE
:101078002DE9F04FADF21C4D934680468A4605AAED
:10108800194658461C46FFF7C9FE134681460DF21D
:10109800144243F8044F9342FBD174B1601E0BF124
:1010A800FF3206AD584412F8011FA31A824203F119
:1010B800FF335B4445F82130F5D1059B4A46584635
:1010C8000BEB0301019301F02DFB002877D144F4C9
:1010D80000630746AAEB040E661E05460293AE455A
:1010E80010D308EB050C06AA1CF8063052F823307A
:1010F800BBB11FB1019A9A4288BFA31A1D440027A9
:10110800AE45EED208EB0A00029901F039FB8244A1
:10111800AAEB040EAE45E4D200200DF21C4DBDE84A
:10112800F08F4F453B4638BF4B469E4218D9591E53
:10113800EA1800955944424402E001339E420ED019
:1011480012F8010B11F8015F8542F6D09E42009D0E
:1011580006D9C9F1010200272A44D518BFE7009D26
:101168004F4509F1FF3380F0818005EB09020BEB55
:10117800090100954244CDF80C9002E09F4213D03B
:101188004B4611F8015D03F1FF3912F8010D854254
:10119800F4D0009D0133DDF80C9001379F4209D847
:1011A800019B1D44E71A9AE70137009DDDF80C9072
:1011B8009F42F5D960460DF21C4DBDE8F08FA4EBB7
:1011C80009030025AAEB040E661E4B4538BF4B46A3
:1011D80001330193059344F400630093AE4509D3AA
:1011E80008EB050006AA835D52F823306BB11D4455
:1011F800AE45F5D208EB0A00009901F0C1FA824425
:10120800AAEB040EAE45EBD286E7B14517D209F139
:10121800FF3105EB09024B465944424402E00133D1
:10122800B3420CD012F8017B11F801CFBC45F6D0BF
:101238009E4204D9C9F101022A44D518CEE7B9F172
:10124800000F3FF46AAF05EB09010BEB09024144BB
:1012580002E05B453FF461AF12F801CD11F8017D62
:101268001346BC45F5D0019B1D44C1E74B4694E7A6
:101278002DE9F0410D46097890B00446002954D074
:101288006A78002A75D0AB78002B52D0E8782E689F
:10129800002800F085802B79002B6FD0284600F0BD
:1012A80081F90646204646F4007101F069FA864243
:1012B8004ED8FE2E00F28F80801B4022711C27180A
:1012C800684600F0BDFB86B16A1E5FFA86FC90197D
:1012D80012F8013F03F03F03A91A824203F14003C9
:1012E80061446B4403F8401CF2D1013CA35D03F058
:1012F8003F0340336B4413F8403C1C44A74203D2DD
:101308002BE04444A74228D314F806C032462946A5
:1013180020460CF03F0C0CF140030DEB030C1CF8BD
:10132800408C01F0FFF90028EBD1204610B0BDE851
:10133800F081007842EA014250B140EA0343214675
:1013480014F8010F9A4244D00028F6D19A4240D0AE
:101358000024204610B0BDE8F081BB5DB819002B11
:10136800F6D04FF4006101F00BFA0744A742BCD253
:10137800EEE710B0BDE8F04100F036B82278002A58
:10138800E6D031BA01E0994208D042EA0323204668
:1013980014F8012F002AF6D19942D9D1C41EC4E706
:1013A800120442EA0162217842EA03230029CFD0DD
:1013B800024600E049B141EA0200254614F8011F3F
:1013C800B3EB002F4FEA0022F4D19342C0D1AC1EF8
:1013D800ABE74C1EA9E7014633462A46204610B023
:1013E800BDE8F04144E600BF11F0FF01034600F0FC
:1013F800030239D08ABB10B501EB012E02680EEB4F
:101408000E4EA2F101338EEA020423EA0203A4F18C
:10141800013222EA0402134313F0803F0FD150F83F
:10142800044F84EA0E0CA4F10133ACF1013223EA33
:10143800040322EA0C02134313F0803FEFD0037831
:1014480023B936E010F8013F002B32D09942F9D188
:1014580010BD8A4228D09A0729D01A781846013335
:10146800002AF6D110467047CAB90268A2F10133C2
:1014780023EA020313F0803F08D150F8042FA2F1A9
:10148800013323EA020313F0803FF6D003785BB1FF
:1014980010F8013F002BFBD17047990705D018467B
:1014A80013F8012B002AF8D170471846DDE71846D3
:1014B800A1E7184610BD00BF10B500291B4C9AB013
:1014C80024682DDB009004904FF40270ADF80C00F6
:1014D8004FF00000199013D001394FF6FF700291B8
:1014E80005916946ADF80E00204600F06FF9421CE0
:1014F80001DA8B232360009B00221A701AB010BDFA
:101508004FF6FF70029105916946ADF80E0020462E
:1015180000F05CF9431C01DA8B2323601AB010BD7C
:101528008B234FF0FF302360F8E700BF0000002056
:1015380030B514469BB00546002C2EDB1A464FF4F6
:1015480002730091ADF80C304FF000030491199329
:1015580013D04FF6FF73013C6946ADF80E301E9B61
:101568000294059400F032F9421C01DA8B232B60B7
:10157800009B00221A701BB030BD4FF6FF736946FE
:101588000294ADF80E301E9B059400F01FF9431C21
:1015980001DA8B232B601BB030BD8B234FF0FF305B
:1015A8002B60F8E720F0030110F00300C0F1000001
:1015B80051F8043B00F1040C4FEACC0C6FF0000228
:1015C8001CBF22FA0CF213434FF0010C4CEA0C2C0E
:1015D8004CEA0C4CA3EB0C0222EA030212EACC12EE
:1015E80004BF51F8043B0430F4D0C2F1000102EA10
:1015F8000102B2FA82F2C2F11F0200EBD200704778
:101608002DE9F0478E6881460C461D469E4290465D
:10161800086836D8B1F90C3013F4906F0DD13546FF
:101628002A46414600F05CFBA26823680020921B12
:101638002B44A2602360BDE8F0876769096917EB4E
:101648004707A0EB010A05F1010048BF01375044E4
:101658007F10B8423A4601D9074602465B0512D5C3
:101668001146484600F068FA0646F8B15246216924
:1016780000F0B6FBA38923F4906343F08003A381B1
:1016880006E01E46CCE7484600F052FC064648B144
:1016980006EB0A00A7EB0A0326612E466761A360E2
:1016A8002060BDE72169484600F0C6FAA3890C22EC
:1016B8004FF0FF3043F04003C9F80020A381BAE798
:1016C80093682DE9F04F924683B01768002B75D0C8
:1016D8004FF0000B81460C468B680A685D4647E070
:1016E800B4F90C3013F4906F2ED0D4E9041616EB2D
:1016F8004606A2EB010848BF013608F10100761042
:101708002844B042324601D9064602465B0539D51F
:101718001146484600F010FA019000283CD0424695
:10172800216900F05DFBA289019B22F4906242F0DE
:101738008002A281A6EB080203EB08006661A846B6
:101748002E46A260236120603246594600F0C8FA4E
:10175800DAF80810A3682268491BA3EB080332448F
:10176800A3602260CAF8081041B3D7E900B508376A
:1017780098461046002DF8D09D421E46B0D2A84685
:101788002E46E1E7484600F0D3FB03460028D1D1B6
:101798002169484600F050FAA3890C224FF0FF3027
:1017A80043F04003C9F800200022A3810023CAF8AF
:1017B8000820CAF8043003B0BDE8F08F00200023E9
:1017C800CAF8043003B0BDE8F08F00BF2DE9F04F30
:1017D8001C468B899FB089461D068246934603D5D1
:1017E8000B69002B00F0E78000237C4E012705944D
:1017F8000B9343F22003ADF831309BF800205D468F
:1018080052B1252A08D02C4615F8012F0AB1252AED
:10181800F9D1B5EB0B0360D1002A6DD000234FF04E
:10182800FF320135069309938DF85B301C93CDE99F
:10183800072305E0801B254607FA00F003430693BB
:101848002C460522304614F8011B00F095FE069B35
:10185800A3460028EED1D90602D520228DF85B20B8
:101868001A0702D52B228DF85B2029782A294BD11B
:10187800059A111D1268002A059175DB099269788D
:101888002E2955D0564C0322204600F075FE38B15B
:10189800001B4022069B0BF1010B82401343069369
:1018A8001BF8011B06224F488DF8301000F064FE2B
:1018B80000285FD04C4B002B4FD005AC4B4B4A4611
:1018C80006A950460094AFF300808046B8F1FF3F68
:1018D80012D00B9B43440B938FE75A464946504618
:1018E8000393FFF78DFE013006D00B9A039B1A4431
:1018F8000B926278002A91D1B9F80C305B0669D452
:101908000B981FB0BDE8F08FA1F13002092A50D81A
:10191800099B00E00134217803EB830302EB4303C6
:10192800A1F13002092AF5D92E29A3460993A9D194
:101938009BF801102A2927D1059B0BF10202191DDA
:101948001B68002B07930591B8BF4FF0FF339BF836
:1019580002109346B8BF079394E7059B073323F01B
:10196800070308330593B4E7524243F00203099290
:10197800069384E705A81D4B4A4606A900905046E1
:1019880000F096FB8046A1E7A1F1300200230BF19D
:10199800010B092A07933FF675AF03EB83031BF886
:1019A800011F02EB4303A1F13002092AF5D907937D
:1019B80068E7AB4664E7402100F0BEF8C9F80000CC
:1019C800C9F8100018B14023C9F814300CE70C23EB
:1019D800CAF800304FF0FF3093E700BFDC950108EC
:1019E800E4950108E89501080000000009160008C0
:1019F8000F4B70B50F4DAB42A3EB050607D0B610E1
:101A08000024013455F8043B9847A642F9D80A4DFA
:101A180013F0F6F8094B5E1BAB424FEAA60606D058
:101A28000024013455F8043B9847A642F9D870BD04
:101A38006CA901086CA901086CA9010870A9010822
:101A480070B5860747D0541E002A3ED0CAB2034656
:101A580001E0013C39D303F8012B9D07F9D1032C90
:101A68002CD9CDB20F2C05EB052505EB054535D94D
:101A7800A4F1100C03F1100E1A462CF00F064FEAD1
:101A88001C1CB644C2E90055C2E902551032724521
:101A9800F8D10CF1010214F00C0F04F00F0C03EB59
:101AA800021213D0ACF1040323F0030304331344EC
:101AB80042F8045B9342FBD10CF003042CB1C9B289
:101AC8001C4403F8011BA342FBD170BD64461346B6
:101AD800002CF4D1F9E703461446C0E71A46A44699
:101AE800E0E700BF014B1868704700BF0000002006
:101AF80070B5104E05460C463368B3B121462846EA
:101B080000F050FE431C0CD0C41C24F00304A04277
:101B180005D0211A284600F045FE013001D02046A4
:101B280070BD4FF0FF34204670BD194600F03AFEF4
:101B38003060E3E7BC0000202DE9F843CD1C0646E1
:101B480025F0030508350C2D38BF0C25002D2EDB9C
:101B5800A9422CD8DFF8DC8000F0ECFBD8F8042090
:101B68007AB1144603E0636822461C464BB12368E9
:101B78005B1BF8D40B2B1ED89442636853D0536078
:101B880007E029463046FFF7B3FF431C04461DD043
:101B98000560304600F0D0FB04F10B00231D20F057
:101BA8000700C21A01D01B1AA350BDE8F8830C2302
:101BB80033600020F9E761199442256014BF516031
:101BC800C8F80410635163684B60E2E7D8F8047002
:101BD8001FB33C467F68002FFBD123683946304647
:101BE80004EB030900F0DEFD814516D12368304679
:101BF800ED1A2946FFF77CFF01300ED02368D8F88C
:101C080004202B442360536883B1A34203D01A46AF
:101C18005B689C42FBD10023B1E70C23304633605C
:101C280000F08AFBC5E7C8F80430B2E7C8F80470CA
:101C3800AFE700BFBC00002000293AD038B551F802
:101C4800043C0C1F0546002BB8BFE41800F072FBDB
:101C5800224A1368D3B1A34214D81A465B680BB161
:101C6800A342FAD911685018A04223D02ED821686F
:101C78006018834211D0636054602846BDE838403C
:101C880000F05ABB2168601883420DD02846636073
:101C98001460BDE8384000F04FBB18685B68084422
:101CA800C4E900035460E8E718685B6808442060EA
:101CB800ECE7704720680144501811608342DCD17A
:101CC800D3E900040144C2E90014D6E70C232846EE
:101CD8002B60BDE8384000F02FBB00BFC0000020DB
:101CE80088420ED98B1883420BD900EB020C002ACC
:101CF8006ED0624613F801CD994202F801CDF9D1B0
:101D080070470F2A0FD8034602F1FF3C002A5FD024
:101D18000CF1010C013B8C4411F8012B614503F8CF
:101D2800012FF9D1704740EA01039B0751D1A2F175
:101D3800100301F1200C70B523F00F0501F1100E0E
:101D480000F110041B09AC445EF8105C0EF1100E93
:101D5800103444F8205C5EF81C5C44F81C5C5EF8A7
:101D6800185C44F8185C5EF8145CE64544F8145CAA
:101D7800EAD1013312F00C0F02F00F0C01EB031142
:101D880000EB031329D0ACF1040C1C1F8E462CF079
:101D980003064FEA9C0C1E445EF8045B44F8045F9B
:101DA800B442F9D10CF1010402F0030203EB8403FD
:101DB80001EB840102F1FF3C4AB10CF1010C013B3B
:101DC8008C4411F8012B614503F8012FF9D170BD3E
:101DD800704702F1FF3C03469AE76246EAE700BF14
:101DE800844641EA000313F0030349D1403A23D360
:101DF8000B6803604B6843608B688360CB68C36083
:101E08000B6903614B6943618B698361CB69C3616A
:101E18000B6A03624B6A43628B6A8362CB6AC36252
:101E28000B6B03634B6B43638B6B8363CB6BC3633A
:101E380040304031403ADBD230320BD30B6803607C
:101E48004B6843608B688360CB68C3601030103187
:101E5800103AF3D20C3205D351F8043B40F8043B56
:101E6800043AF9D2043208D0D2071CBF11F8013B5A
:101E780000F8013B01D30B8803806046704700BF20
:101E8800082A13D38B07B1D010F00303AED0C3F1E7
:101E98000403D21ADB071CBF11F8013B00F8013B11
:101EA800A4D331F8023B20F8023B9FE7043AD9D388
:101EB800013A11F8013B00F8013BF9D20B780370A5
:101EC8004B7843708B7883706046704740EA010313
:101ED8009B0730B501D1032A17D8844601F1FF3E8C
:101EE80007E01EF8011F541E03F8011B29B1224602
:101EF8009C466346002AF4D130BD002CFCD09444A3
:101F080003F8011B6345FBD130BD0C4684462568A8
:101F180021460434A5F1013323EA050313F0803F79
:101F2800DCD1043A4CF8045B032AF0D82146D5E703
:101F38002DE9F041144641B30AB306460D4600F0B8
:101F480043FC8442074602D8B4EB500F13D821460D
:101F58003046FFF7F1FD804650B1BC422246294683
:101F680028BF3A46FFF73CFF29463046FFF764FE94
:101F78004046BDE8F081A8464046BDE8F081A0464D
:101F8800FFF75AFE4046BDE8F0811146BDE8F04132
:101F9800FFF7D2BD2DE9F84F92461F460A690C4655
:101FA8008B680646DDF828909A42B8BF1A46CAF8E8
:101FB800002091F8433013B10132CAF8002022689A
:101FC80091065DD5DAF800300233CAF8003022688D
:101FD80012F0060F11461BD1E168994266DD4FF0F9
:101FE800000804F1190B05E0E568DAF80030ED1A8D
:101FF80045450CDD01235A4639463046C84701306D
:1020080008F10108F0D14FF0FF30BDE8F88F2168E2
:1020180094F84330003B18BF01238A060AD5E1181B
:102028005A1C30200233224481F8430094F84510AA
:1020380082F8431004F1430239463046C84701305C
:10204800E1D02368DAF8005003F006032169042B75
:10205800D4E902201BD08A4220DD4FF00008521A32
:1020680090441A34002501E0454517DA0123224639
:1020780039463046C847013005F10105F4D1C2E7B9
:1020880012F0060F0DD0003B18BF0123D2E7401B0A
:102098008A4220EAE078E2DC0028E2DC0020BDE8A1
:1020A800F88FDAF80030E168994298DC1146AFE71A
:1020B8002DE9F047174684B00A7E0C460646984636
:1020C8000C9D01F1430C002A35D0A2F15803D9B276
:1020D800202969D8202B67D8DFE813F0E6006600CE
:1020E80066006600660066006600660066006600B8
:1020F8006600AC007000660066006600660070004E
:10210800660066006600660021008300C60066005F
:102118006600B6006600830066006600EC002B6867
:102128002268181D6169286010061B6802D45206CF
:1021380000F1E08019600023E14623613B4603AAD1
:1021480021463046CDF80080FFF724FF013020D02B
:102158004A46236939463046C047013019D02368BA
:10216800E0689B07DDF80C9018D5484516DD00257A
:1021780004F1190A04E0E068A0EB0903AB420DDDA5
:102188000123524639463046C047013005F1010562
:10219800F1D14FF0FF3004B0BDE8F0874845B8BF33
:1021A800484604B0BDE8F087012004F1420984F8EC
:1021B80042200023206184F84330BFE72A6823685F
:1021C800111D1806296002D4590600F1958010687F
:1021D800014600286268C0F2938054484FF00A0E06
:1021E80015E020682B6810F0800F53F8041B02D10B
:1021F800400648BF89B26F2A4C482B6014BF4FF085
:102208000A0E4FF0080E0023626884F84330002A53
:10221800A26051DB236823F00403236000294BD11B
:10222800002A7BD1E146BEF1080F56D0ACEB09037A
:10223800236183E72A6804F142090120111D12680D
:10224800296084F84220B4E72B6800216268181DD1
:102258002860D3F80090484600F08EF9002863D033
:10226800A0EB09006060A4E7236843F02003236023
:1022780078222F4884F845202A6813F0800F52F8F6
:10228800041B03D113F0400F18BF89B22A60DA0784
:1022980002D543F02003236019B9236823F02003F3
:1022A80023604FF0100EAEE75823204884F84530DD
:1022B8002368E1E72368DBE77546E1460A46B1FB98
:1022C800F5F305FB131AAA42194610F80A3009F863
:1022D800013DF3D2BEF1080FA8D12368DD07A5D5CB
:1022E800626823699A42A1DC302309F1FF3989F831
:1022F80000309BE719801EE7B2F90010084668E72E
:102308002D20002AA26084F8430002DB23F0040396
:1023180023600A2549420548AE46CEE7037804F112
:10232800420984F842307EE7606842E7F095010888
:1023380004960108704700BF704700BFCAB38446BF
:102348000B4630B504460843800719D09CF80000B6
:102358000C78A04212D150B3012A28D0E64603E0F7
:102368001CEB030F23D010B31EF8010F11F8014F17
:10237800A2EB0E03A04203F1FF33F1D0001B30BDE6
:10238800032A07D8E2E7043A11D01EF0803F0ED1A5
:10239800032A10D92068194653F8045BA446A0F113
:1023A800013E0434A8422EEA000EECD0CEE700200D
:1023B80030BD10467047A4461946C7E780EA010CAD
:1023C8001CF0030F37D110F0030C20F0030021F0AC
:1023D800030150F8042B08BF51F8043B0ED08CF0D1
:1023E800030C6FF07F434FEACC0C23FA0CFC51F836
:1023F800043B42EA0C0243EA0C0300BFA2F1013C91
:102408009A4201BF2CEA020C1CF0803F50F8042BC2
:1024180051F8043BF2D04FEA02604FEA1222012839
:1024280028BFB0EB036F08BF1B0AF4D003F0FF030B
:10243800000EC01A704710F0030F0AD010F8012BD5
:1024480011F8013B012A28BF9A42F4D0A2EB0300FD
:1024580070474DF8045D50F8042B01F0030521F096
:10246800030151F8043B022D26D04DD822F07F45B8
:10247800B5EB132FA2F1013C2CEA020C0DD11CF094
:10248800803C08BF51F8043B0AD185EA0205B5EB48
:10249800036F0CD150F8042BE8E74FEA13235BE0F5
:1024A8003CF07F4C54D10B784FEA126554E04FEA68
:1024B800126503F0FF034FE04FEA0245A2F1013C29
:1024C8004FEA15452CEA020CB5EB134F18D11CF056
:1024D800803C08BF51F8043B07D185EA0205B5EBFB
:1024E800034F09D150F8042BE6E75FEA0C4C2FD1D3
:1024F8000B884FEA12452FE04FEA03434FEA124593
:102508004FEA134328E000BF02F0FF05B5EB136F55
:10251800A2F1013C2CEA020C0DD11CF0803C08BF52
:1025280051F8043B0AD185EA0205B5EB032F0AD11D
:1025380050F8042BE8E74FEA13630DE012F0FF0FA1
:1025480006D051F8043B4FEA122523F07F4303E0FD
:102558004FF0000020BC704705F0FF0203F0FF00B9
:10256800012828BF904204BF2D0A1B0AF4D0A2EB11
:10257800000020BC704700BF5FFA81FC810744D08F
:102588000346511E22B909E09A0709D0013905D33B
:102598001846013302786245F6D17047002070472B
:1025A800184603290CD80029F8D00346014401E055
:1025B8008B42F3D0184613F8012B6245F8D17047C7
:1025C80010B50CEB0C24024604EB044402E0043979
:1025D800032915D9104652F8043B6340A3F1013E84
:1025E8002EEA030313F0803FF1D00346014401E0D3
:1025F8008B4208D0184613F8012B6245F8D110BD5C
:1026080010460029F1D1002010BD1146C9E700BFCE
:10261800002A08B410B504469DB036DB4FF40273A7
:1026280002910691ADF814304FF000031B9320ABD4
:1026380017D0013A4FF6FF71019304920792ADF853
:10264800161002A91F9AFFF7C1F8421C01DA8B2362
:102658002360029B00221A701DB0BDE8104001B033
:1026680070474FF6FF7104920792ADF8161002A951
:102678001F9A0193FFF7AAF8431C01DA8B23236002
:102688001DB0BDE8104001B070478B234FF0FF30FC
:102698002360F5E70CB40029214B10B51C689CB0E9
:1026A80038DB4FF000034FF4027202901B931FAB0C
:1026B8000690ADF8142018D001394FF6FF701E9A15
:1026C8000491079102A9ADF8160020460193FFF77F
:1026D8007DF8421C01DA8B232360029B00221A70CA
:1026E8001CB0BDE8104002B070474FF6FF7004916F
:1026F800079102A9ADF8160020461E9A0193FFF72C
:1027080065F8431C01DA8B2323601CB0BDE8104038
:1027180002B070478B234FF0FF302360F5E700BF0E
:1027280000000020032A30B415D941EA0004844689
:102738000B46A40704D0541E0FE0043A032A08D914
:102748001946604653F8044B5CF8045BA542F4D084
:10275800F1E760461946541E7AB1431E0139021941
:1027680001E09A4209D013F8010F11F801CF604532
:10277800F7D0A0EB0C0030BC7047002030BC70478D
:1027880071B1034600EB010C01E0634506D01A461F
:10279800013311780029F8D1101A7047181A7047B8
:1027A8000846704738B50022064D044608462A6098
:1027B80000F030FA431C00D038BD2B68002BFBD04A
:1027C800236038BD0002002051F8043C002BA3F11F
:1027D800040000DB70470B581844704772B6FEE7D8
:1027E80000B59FB06022002106A8FFF729F9002351
:1027F8000093019302930393049305934FF440309D
:1028080010F090FB00282BD11022069201230D9383
:102818000E9200210F910222149215934FF400504A
:102828001790032016900A20189019921A921B9359
:102838000C231C931D9106A80CF0ECF890B91F23EB
:1028480000930323019300230293039304930593B6
:10285800042168460CF0BAFF30B91FB05DF804FBDC
:10286800FFF7BCFFFFF7BAFFFFF7B8FF08B50CF09A
:102878001FF8FFF7B5FF00F009F800F02DF900F098
:1028880087F800F08DF800F0D3FBFEE72DE9F04162
:1028980088B0002403940494059406940794384B54
:1028A800D3F88C2042F00402C3F88C20D3F88C2093
:1028B80002F004020092009AD3F88C2042F0010240
:1028C800C3F88C20D3F88C2002F001020192019AFF
:1028D800D3F88C2042F00202C3F88C20D3F88C3055
:1028E80003F002030293029BDFF8A0802246022134
:1028F800404610F0FFFA234F22464FF480613846D5
:1029080010F0F8FA204E22468021304610F0F2FAF4
:1029180042F2412303930494059403A9304610F02E
:10292800F1F8012503950494059403A9404610F095
:10293800E9F80223039304950594069403A94046F5
:1029480010F0E0F8112303930494059403A9384682
:1029580010F0D8F84FF48063039304950594069417
:1029680003A9384610F0CEF8802303930495059404
:10297800069403A9304610F0C5F808B0BDE8F08108
:10298800000C024600040242000802420000024213
:1029980008B510F053FB00B908BDFFF71FFFFBE7B0
:1029A80000B585B000230193029303931A481B4A8C
:1029B80002604FF48002426083600721C1600361B6
:1029C80043614FF0806282614FF08042C2610362CE
:1029D80043628362C16242638363C3638364C36483
:1029E800036543658365C365036610F0B1FB68B989
:1029F800002301934FF080520292039301A90648E5
:102A080011F019FB28B905B05DF804FBFFF7E6FEE5
:102A1800EEE7FFF7E3FEF6E704020020003001408E
:102A2800F0B5B9B00446002133913491359136910F
:102A38003791C02202A8FFF703F82268234B9A4275
:102A480001D039B0F0BD4FF400020023CDE90223D4
:102A58004FF480132D9302A80DF088FA002832D184
:102A68001B4BD3F8A42042F48052C3F8A420D3F817
:102A7800A42002F480520092009AD3F88C2042F0ED
:102A88000102C3F88C20D3F88C3003F001030193C2
:102A9800019BA02333930227349700243594032302
:102AA8003693052637960B4D33A9284610F02AF899
:102AB80040233393349735943694379633A9284670
:102AC80010F020F8BDE7FFF789FEC9E700300140A4
:102AD800000C02460000024208B51748174B036075
:102AE8004FF4E133436000238360C36003610C2229
:102AF80042618361C36103624362836211F0DCFA5D
:102B080070B900210C4811F0B1FF60B900210A48E2
:102B180011F0EAFF50B9084811F06FFF48B908BD35
:102B2800FFF75CFEEDE7FFF759FEEFE7FFF756FE0C
:102B3800F1E7FFF753FEF2E7940200200038014066
:102B480010B5B8B0044600213391349135913691CF
:102B58003791C02202A8FEF773FF22681B4B9A42E6
:102B680001D038B010BD01220023CDE9022302A80C
:102B78000DF0FCF938BB164BD3F8A42042F4804280
:102B8800C3F8A420D3F8A42002F480420092009A4B
:102B9800D3F88C2042F00102C3F88C20D3F88C3093
:102BA80003F001030193019B4FF4C06333930223A5
:102BB80034930023359336930723379333A9054875
:102BC8000FF0A0FFCDE7FFF709FED4E7003801407A
:102BD800000C024600000242FEE7FEE7FEE7FEE7C1
:102BE800FEE770477047704708B507F00BFC08BD53
:102BF80082B0074BD3F8942042F00402C3F8942023
:102C0800D3F8943003F004030193019B02B070479A
:102C1800000C024610B503460C4A0D490D480068E1
:102C280040B10C4800680344521A934206D8094A36
:102C3800136010BD0748084C0460F2E7FEF752FF26
:102C48000C2303604FF0FF30F3E700BF00000420BF
:102C58000004000028030020708D03200D488546DD
:102C68000BF086FC0C480D490D4A002302E0D458AD
:102C7800C4500433C4188C42F9D30A4A0A4C0023BE
:102C880001E013600432A242FBD3FEF7B1FEFFF766
:102C9800EDFDFEE700000420000000209800002061
:102CA80074A90108980000202C8D0320FEE700007D
:102CB80008B506F09DFE06F0B5FE012801D00020FB
:102CC80008BD06F07FFE034B53F8201002480BF0B6
:102CD800C5FBF4E750960108F84E010810B5012825
:102CE8001BDD4C6820492046FFF768FB90B11F495F
:102CF8002046FFF763FB38B31D492046FFF75EFB0C
:102D080030B31C492046FFF759FB28BB032006F0C7
:102D180009FE02E0012006F005FE06F053FE164B00
:102D280053F8201015480BF099FB06F051FE0146A8
:102D380013480BF093FB06F069FE98B1114912484D
:102D48000BF08CFB002010BD022006F0EBFDE4E741
:102D5800042006F0E7FDE0E70C480BF07FFB4FF09E
:102D6800FF30F0E70A49EAE7307A01080C4F01081A
:102D7800144F01081C4F010844960108F84E010839
:102D8800584F0108044F0108684F0108244F0108F3
:102D9800084F010808B506F06FFD06F043FE01284C
:102DA80001D0002008BD06F00DFE034B53F820109B
:102DB80002480BF053FBF4E738960108F84E010877
:102DC80038B501282EDD0B461A495868FFF7F6FA80
:102DD800044608B100251BE002F00BFE18B11648A6
:102DE8000BF03CFB24E015480BF038FB4FF0FF34A8
:102DF8001EE02146284602F0E1FD02460134214644
:102E08000F480BF02BFBE4B2022CF2D90135EDB2DE
:102E1800012D09D80B4B53F825100B480BF01EFB5E
:102E28000024F1E70025F3E708480BF017FB00241E
:102E3800204638BD744F0108A04F01087C4F010897
:102E4800B84F010830960108B44F0108C44F010873
:102E580008B507F08FFA06F011FF07F01BF907F025
:102E680077FE06F09BFF07F083F908F0BFFB07F039
:102E780031FB07F027F8024807F09AFA08BD00BFAF
:102E88008D2E000808B507F03DFB07F03FF807F066
:102E98006DFE08BD10B5002401E00134E4B2032C36
:102EA8000DD81E4B13F8140007F058F80028F4D07A
:102EB8001A4B03EB4403587806F012FDEDE70020A7
:102EC80007F066F898B9022007F062F898B903206D
:102ED80007F05EF898B9012007F05AF898B904206D
:102EE80007F056F898B907F039FB98B910BD0120DA
:102EF80006F018FDE7E7022006F014FDE7E70420D6
:102F080006F010FDE7E7032006F00CFDE7E706F002
:102F1800B3FCE8E706F06CFDE8E700BF2896010877
:102F28002DE9F04182B006F07DFD044601F0ACFBCE
:102F3800054601F0A1FB064606F068FD284B1B7804
:102F4800834206D0264B1870B0B1264926480BF0AC
:102F580085FA264B1B78A34210D0A34217D1022C26
:102F68001CD0032C2BD0214B1C70214B1D70214BE6
:102F78001E7002B0BDE8F0811F49E7E71C4A1278CD
:102F8800AA42EAD11B4A1278B242E6D1F1E71B4BBA
:102F980053F824101A480BF061FAE0E706F018FD20
:102FA800074606F039FD804601F05EFB0190009669
:102FB8002B464246394613480BF050FAD3E701F046
:102FC80053FB074601F048FB032806D00E4B2A4660
:102FD80039460E480BF042FAC5E70D4BF7E700BF3C
:102FE8002E030020E44F010824500108500000205F
:102FF8002D0300202C030020084F01081896010813
:1030080034500108405001088093010870500108AD
:103018000C50010808B506F091FB08F0FCFD08F01B
:10302800C9FBFFF737FF06F0BFFBFFF779FFF4E7AF
:1030380000B5E9B0FFF70CFF08F0A6FD1E4C6825A7
:103048002A4621466846FEF7CBFE2A4661190DEB53
:103058000500FEF7C5FE2A4604F1D00134A8FEF7A4
:10306800BFFE2A4604F59C714EA8FEF7B9FE6846D5
:103078000BF082F90DEB05000BF07EF934A80BF08C
:103088007BF94EA80BF078F902F038FC0B480BF0EE
:10309800E5F907F045F840B108F098FD48B108484F
:1030A8000BF0DCF908F0B7FDFCE706480BF0D6F9A1
:1030B800F2E7FFF7AFFF00BF204C01088C50010872
:1030C80028510108E050010830B583B00191154638
:1030D800044648B1019805F06BFB2080C0F30F400F
:1030E8006080257103B030BD024A112102480BF0FF
:1030F80035FAEFE7B0510108C451010870B582B044
:103108000C461546064620B14CB175B9002002B0F0
:1031180070BD0B4A19210B480BF020FAF4E70A4A54
:103128001A2108480BF01AFAEFE72946306805F02B
:10313800E9FC01460190204605F05AFBE7E700BF8D
:1031480014520108C45101082852010870B50D46EF
:103158001446064620B14DB174B90025284670BD05
:103168000E4A26210E480BF0F9F9F4E70D4A2721FB
:103178000B480BF0F3F9EFE7347122462946304645
:10318800FFF7BCFF05460028E8D02146306805F067
:10319800B9FC3080C0F30F407080DFE7B051010800
:1031A800C45101082852010810B582B0044660B124
:1031B800206801900020BDF8043063F30F00BDF8CB
:1031C800063063F31F4002B010BD034A3E21034896
:1031D8000BF0C4F9ECE700BF14520108C451010810
:1031E80010B5044608B1207910BD034A45210348AB
:1031F8000BF0B4F9F7E700BF14520108C4510108F5
:1032080000EB400330B149F6404000EB5300B0FBFF
:10321800F3F07047002070472DE9F0410C46064650
:1032280000284CD0002C50D0152E00D91526013E70
:10323800294FC6EBC60307EB830517F82300FFF7F2
:10324800DFFF20606878FFF7DBFF6060A878FFF792
:10325800D7FFA060E878FFF7D3FFE0602879FFF791
:10326800CFFF20616879FFF7CBFF6061A879FFF78E
:10327800C7FFA0612B89A383A87AFFF7C1FF20624B
:10328800AB89A384A87BFFF7BBFFA0626B8AA385E9
:10329800AB8AE385AB7D4FF47A7202FB03F32363B9
:1032A800EB7B02FB03F363632B7C84F83830AB6958
:1032B8001A7984F839201B68E363BDE8F081074A6E
:1032C800942107480BF04AF9ACE7064A95210448CF
:1032D8000BF044F9A8E700BF5C96010840520108CA
:1032E80064520108BC52010810B5044620B1142CE0
:1032F80094BF0020012010BD024AB92102480BF0FA
:103308002DF9F4E74052010864520108C2EBC202E9
:10331800920092B211441FFA81FC01F007010122C8
:103328008A40D2B23BB14FEADC0C10F80C301343A0
:1033380000F80C3070474FEADC0C10F80C3023EA28
:10334800020300F80C307047022903D0032906D085
:103358000020704700F58050B0F84C0D704700F51C
:103368008050B0F84E0D7047054B03FB010080EA12
:103378001040044B03FB00F080EAD030704700BFD8
:10338800B979379E2D35EB7F002118E00133DBB288
:103398001B2B12D8C1EBC10200EB82021A4492F82F
:1033A800902D022AF2D1C1EBC10200EB82021A442D
:1033B8004FF0010C82F890CDE8E70131C9B21E291F
:1033C80001D80023E4E7704701F56B6100EB410089
:1033D8008088704700F5805090F8A43D90F8592DEA
:1033E800934202D203F0010070470120704700F5B4
:1033F800805393F8A42D93F8593D9A4206D200F5CC
:103408008050D0F85C3D53F8220070470020704788
:1034180000F5805393F8842DD3F89C3D2BB97AB1ED
:1034280000F58050D0F8240D704722B100F5805087
:10343800D0F82C0D704700F58050D0F8280D704753
:1034480000F58050D0F8200D704740B14BB151B114
:103458001202B2FBF3F3FF2B07D8D8B27047FF2054
:103468007047FF207047FF207047FF20704700B566
:1034780085B0019010461A46BDF904308DF8083021
:10348800BDF906308DF809308DF80A10069BFFF754
:10349800DCFF8DF80B00029B039300209DF80C3095
:1034A80063F307009DF80D3063F30F209DF80E308D
:1034B80063F317409DF80F3063F31F6005B05DF8A4
:1034C80004FB000000F5805090F8583D4FF4FA7264
:1034D80003FB02F2D0F89C3D53B193420AD8064A46
:1034E800A2FB032313F0100F0CBF0120002070472C
:1034F8000020704700207047D34D621038B505464C
:1035080000F5ED5408344FF4807200212046FEF790
:1035180097FA102205F5F5510831204607F008FF03
:10352800214605F5A650083005F0CEFD204607F0E7
:1035380033FF38BD70B50646002401E00134E4B21B
:10354800022C0ED8084B1D5D05EB850341F298400F
:1035580000EB43003044063001F08AFF0028EDD02C
:1035680000E00425284670BD1499010808B501EB50
:10357800810141F2984303EB41031844063001F0FE
:1035880067FF08BD38B504460D46FFF7D3FF03288B
:103598000AD804F58052D2F8983D2B44C2F8983DD9
:1035A800D2F8602D934200D238BD01462046FFF77D
:1035B800DDFF04F580540023C4F8983DF4E770B5A6
:1035C8000446FFF7B7FF04F580530022C3F8982D8F
:1035D800032811D8054693F8943D73B900F6C463DF
:1035E80004EB43035E880136B6B25E80014620468E
:1035F800FFF7EAFE864233D270BD04F58052B2F876
:10360800923D01339BB2A2F8923D1F2B10D804F5CE
:103618008053B3F8923D102B01D9022D1BD0062BF5
:10362800EAD9012DE8D129462046FFF79FFFE3E7B5
:1036380004F5A5501C3001F01BFF0028E7D003213A
:103648002046FFF793FF04F58054002384F8943D47
:10365800A4F8923DD0E729462046FFF787FFCBE73D
:1036680029462046FFF782FFC6E700F5805090F80C
:103678001C3D8BB181B1B1F57A6F0AD248080BD0E5
:1036880010B50C1A4000013006F066FD21180846F6
:1036980010BD4FF4FA60F3E70846704738B50446A2
:1036A80000F58053D3F89C3D9BB900F5805393F8FF
:1036B800A42D93F8593D9A4212D200F58053D3F8BD
:1036C800A03D8B420FD900F580545B1AC4F8A03D89
:1036D80006E08B4205D95B1A04F58054C4F89C3D7A
:1036E80038BD0023F8E700F58055013285F8A42D90
:1036F800FFF77DFE01462046FFF7B7FFC5F8A00D8E
:10370800EEE7F0B583B0054605F02AF901460190C9
:1037180005F5A450163004F019F9002422E02146DA
:10372800284605F03DF90146009004EB840341F278
:10373800984606EB43062E440636284605F07CF9E3
:103748000346009A2146304601F05AFE04F25C73A3
:1037580005EB830300225A60291941F68653CA549F
:103768000134E4B2032CDAD905F580560024C6F8F2
:10377800704D86F8844D86F8854DC6F8984DC6F884
:103788009C4D86F8A44DD6F85C3D19682846FFF78D
:103798006CFFC6F8A00DD6F8501D2846FFF765FF48
:1037A800C6F8600D07E0012607F56B6705EB4707CC
:1037B800BE800134E4B2032C1BD821462846FFF70B
:1037C800C3FD0646274604F56B6305EB4303988063
:1037D80005F5805393F81C3D002BEAD00028E8D06B
:1037E800072006F0B9FC0644033E002EDBDDB6B226
:1037F800DAE703B0F0BD70B506460C4600F5805513
:1038080085F8191D00F5E9512046FFF705FD95F8E3
:1038180094347BB106F588510C31304604F09AFF98
:1038280006F5805393F81D3D83B13046FFF769FFD5
:10383800002317E02146D5F89004FFF795FD0146CF
:1038480006F588500C3004F057F8E3E73046FFF7E8
:103858009BFDEAE703F6C46206EB420200215180B1
:103868000133DBB2032BF5D906F580530024A3F806
:10387800924D83F8944D04E0284601F0E9FD0134A7
:10388800E4B2032C13D804EB840341F2984505EB0A
:10389800430535440635284601F0EAFD0028EED0F8
:1038A80021463046FFF790FD0028E8D1E4E770BDD7
:1038B80010B50446FFF722FE04F58053032283F86F
:1038C8001A2D012183F8181D0022A3F86C2D20461B
:1038D800FFF791FF10BD000010B5044600F58053B6
:1038E80093F81A3D63B104F5805292F81A3D013BF2
:1038F800DBB282F81A3D53B9022382F8183D10BD95
:10390800094A40F20B2109480AF028FEEBE7204655
:10391800FFF7F7FE04F58054012384F8943D002353
:10392800A4F8923DEBE700BFD4520108EC5201081D
:1039380010B5044604F0F8FF04F58053B3F8443D8D
:10394800834207D204F58054B4F83C3D834203D245
:10395800002010BD0220FCE70120FAE72DE9F04124
:10396800054600F58053D3F89C7DFFF733FD0646E6
:103978002846FFF7DDFF804600240DE031468CB174
:1039880004EB840241F2984303EB42032B44981D55
:1039980001F0BAFD0134E4B2032C0AD8002FEDD0AF
:1039A8000221ECE7B8F1000FEAD00029E8D10121A3
:1039B800E6E7BDE8F0810000F0B5C3B006460F4663
:1039C80014461D464FF48272002101A8FEF738F80C
:1039D8008DF80470ADF8065024B12A46214602A895
:1039E800FEF7FEF901A906F5ED50083007F052FD83
:1039F80008B943B0F0BD034A302103480AF0AEFDD0
:103A0800F7E700BF38530108EC52010810B5044627
:103A180000F58053D3F8541DFFF727FE00B910BDF9
:103A280004F58052C2F89C0D2046FFF797FF00234B
:103A38001A460D212046FFF7BFFFF0E730B583B0E7
:103A4800044600F5A450163004F03EF801460190F3
:103A5800204604F02DFF00238DF80030051E14BF0A
:103A680001221A4604F5805383F8842D01D103B04E
:103A780030BD2046FFF7A3FD022D14BF0020012012
:103A88008DF8000001236A460B212046FFF794FFBA
:103A98009DF80030002BEAD02046FFF7B7FFE6E795
:103AA80000B585B00390029101920093114605F08C
:103AB8007AF810B105B05DF804FB0099039805F099
:103AC80072F808B90020F5E70299019805F06BF83B
:103AD80008B10120EEE70020ECE72DE9F04186B0BF
:103AE800019100F5805393F81B7D27B901273846CB
:103AF80006B0BDE8F0810546904600F5A4501630A2
:103B080003F0E2FF0390002617E005F58052B2F8B3
:103B18006C3D0133A2F86C3D00231A460C2128465F
:103B2800FFF74AFF0121284604F03AFF01460590B5
:103B3800204601F0CDFC0136F6B2032ED7D806EBAD
:103B4800860341F2984404EB43042C44063420468F
:103B580001F096FD0246049058F826300199039822
:103B6800FFF79EFF0028E6D0204601F0C9FD002897
:103B7800CBD12846FFF7B0FE05F5805595F8187D9E
:103B8800012F14BF00270127B1E738B5044604F018
:103B9800DFFE10B90125284638BD054604F58053D7
:103BA80093F8190DFFF7A0FB30B104F580540323F7
:103BB80084F8183D0025EEE704F5805393F8191DA5
:103BC8000131C9B22046FFF716FEE4E770B586B0AA
:103BD800054600F5A4541634204603F075FF0590F9
:103BE8002946204603F00EFF05F5805383F8850D1E
:103BF8002846FFF723FF002410E004EB840341F27A
:103C0800984000EB4300284406AB03EB84060630DB
:103C180001F036FD46F8140C0134E4B2032CECD95B
:103C280001AA05992846FFF758FF08B906B070BDE4
:103C38002846FFF7AAFFF9E72DE9F0418AB00546C3
:103C48000E4600F5A4541634204603F03DFF0890B4
:103C5800204603F057FF074605F5A4501E3001F033
:103C68000FFD0790002410E004EB840341F2984212
:103C780002EB43022A440AAB03EB8408901D01F0CF
:103C8800FFFC48F81C0C0134E4B2032CECD906EB19
:103C9800860341F2984404EB43042C440634079B02
:103CA80000933B46089A2946204601F097FC2E448B
:103CB80041F68653F054204601F0EAFB38B903AACE
:103CC80008992846FFF709FF0AB0BDE8F0812046A9
:103CD80001F0D6FC01460990284604F0ADFE002804
:103CE800EDD1204601F0E4FBE9E770B582B0054666
:103CF8000E4601EB810341F2984404EB430404446B
:103D08000634204601F0BCFC01460190284604F028
:103D18008FFD28B105F58055D5F8340D02B070BD7A
:103D2800204601F0EDFC28B94EB105F58055D5F8CF
:103D3800300DF3E705F58055D5F8380DEEE7284640
:103D4800FFF7F6FD022806D00128EED105F58055CB
:103D5800D5F8400DE2E705F58055D5F8480DDDE7C3
:103D680010B5044600F5ED50083007F0D7FB04F510
:103D7800A650083005F0E4F910BD0000F8B50D466E
:103D88000446C0B1F5B1AC4223D005F58053D3F851
:103D9800107D93F8146D42F6E86229462046FEF736
:103DA8001FF82046FFF7AAFB04F58054C4F8107DDD
:103DB80084F8146DF8BD0A4A40F2113109480AF036
:103DC800CDFBDFE7084A40F2123106480AF0C6FB8D
:103DD800D9E7064A40F2133102480AF0BFFBD4E79C
:103DE80058530108EC5201086C530108805301082C
:103DF80010B5044628B104F58054002384F81C3D0E
:103E080010BD034A4FF44C7102480AF0A7FBF2E7D1
:103E180098530108EC52010810B5044620B101235B
:103E280023706370A37010BD034A40F25A310348EF
:103E38000AF094FBF3E700BFAC530108EC52010809
:103E480038B50446C0B12046FFF758FB04F5805347
:103E5800002283F8182D83F81A2D0125C3F89054F1
:103E680083F8942404F5E8501B30FFF7D5FF294662
:103E78002046FFF7C0FC38BD034A40F237310348FB
:103E88000AF06CFBDFE700BF98530108EC52010809
:103E980070B50D461446064688B1BCB106F5805388
:103EA8002188A278A3F81B1D83F81D2DC3F8905410
:103EB800002283F894243046FFF7FAFC70BD074AC5
:103EC80040F26D3106480AF049FBE6E7054A40F240
:103ED8006E3103480AF042FBE0E700BF985301083F
:103EE800EC520108C053010830B583B00C460546B2
:103EF80048B101A8FFF790FF01AA21462846FFF71D
:103F0800C7FF03B030BD034A40F2633102480AF0EC
:103F180025FBEEE798530108EC52010810B504465A
:103F280090B104F588500C3004F0E6FB04F580539A
:103F3800012283F8942404F5E8501B30FFF76CFF46
:103F48002046FFF7B5FC10BD034A4FF464710348DF
:103F58000AF004FBE5E700BF98530108EC5201089A
:103F680010B5044618B104F588500C3010BD034A4A
:103F78004FF4687102480AF0F1FAF4E7D4530108E3
:103F8800EC52010810B5044608B1204610BD034A9A
:103F980040F2A73102480AF0E1FAF6E7D4530108E3
:103FA800EC52010838B50C46054630B105F580538A
:103FB80093F8183D012B07D038BD074A40F2AE31BF
:103FC80006480AF0CBFAF1E7214605F5A450163069
:103FD80003F0D4FCF0E700BF98530108EC52010845
:103FE80038B50D46044630B104F5805393F8183DB2
:103FF800012B07D038BD3F4A40F2BA313E480AF09B
:10400800ADFAF1E729462046FFF748FB2946204646
:10401800FFF7B8FA2046FFF7A1FC04F58052D2F862
:10402800703D2B44C2F8703D002308E003F25C7237
:1040380004EB82025168294451600133DBB2032B3F
:10404800F4D92046FFF7E4F900284CD004F5805352
:10405800D3F8703D834246D304F5805292F8182D68
:10406800012A40D104F580521B1AC2F8703D20463F
:10407800FFF7ACFDB8B32046FFF7CAF9E4E701350E
:10408800EDB204F5805393F81B3D73B3032D2CD880
:1040980004F5805393F8183D012B26D12946204674
:1040A800FFF723FE0028EAD02B4605F25C7204EBEA
:1040B800820252688242E2D304F5805191F8181DB9
:1040C8000129DCD103F25C7304EB8303121A5A60F2
:1040D80029462046FFF7B0FD0028D0D029462046C3
:1040E800FFF703FEDEE70025CBE72046FFF738FEA3
:1040F80080E700BF98530108EC5201082DE9F04F02
:1041080087B08846824630B3B8F1000F2AD0F8222B
:1041180000214046FDF794FC0AF5A45416342046C5
:1041280003F0D2FC0490204603F0ECFC04460AF5A8
:10413800805393F8855DD3F8706D5046FFF768F9A2
:10414800009033462A4621460498FFF790F9C8F8AC
:10415800000000240FE0474A40F2074146480AF0B1
:10416800FDF9D1E7454A4FF4816143480AF0F6F971
:10417800CDE70134E4B2032C37D8A60004EB84035E
:1041880041F2984505EB430555440635284601F0AC
:1041980077FA0590284601F091FA07460AEB0403DE
:1041A80041F6865213F8029004F25C730AEB83031B
:1041B800D3F804B021465046FFF797FD46440090D7
:1041C8005B464A4639460598FFF751F9706028461C
:1041D80001F096FA0028CCD098F8F6200123A340E5
:1041E800DBB2134388F8F630C3E75046FFF76AF9A5
:1041F80088F8F700002724E0ADF80C40ADF80E7001
:104208000399504604F034FBE6B2FDB28146031E22
:1042180018BF01232A46314608F11400FFF776F843
:10422800B9F1020F14BF002301232A46314608F1D1
:104238008100FFF76BF8013424B21B2CDCDD013759
:104248003FB21E2F01DC0024F7E70AF5A65008301C
:1042580004F088FFC8F8F0000AF5805A9AF81A3D69
:1042680088F8F4309AF8193D88F8F53007B0BDE8B9
:10427800F08F00BFD4530108EC520108E453010841
:1042880030B583B00C460546B8B1032C1CD804EBF6
:10429800840441F2984303EB4403E818063001F024
:1042A800EFF901900020BDF8043063F30F00BDF86A
:1042B800063063F31F4003B030BD074A40F2334174
:1042C80006480AF04BF9E0E7054A40F23441034852
:1042D8000AF044F9DBE700BFD4530108EC520108A7
:1042E800F853010838B50C46054660B1032C11D8BF
:1042F80004EB840441F2984303EB4403E8180630C6
:1043080001F0FEF938BD074A40F23B4106480AF081
:1043180025F9EBE7054A40F23C4103480AF01EF94B
:10432800E6E700BFD4530108EC520108F85301082E
:1043380010B5044620B104F5805494F8180D10BD4A
:10434800034A40F2434103480AF008F9F3E700BF83
:10435800D4530108EC52010810B582B0044680B16C
:1043680004F5A450163003F0AFFB01900020BDF80F
:10437800043063F30F00BDF8063063F31F4002B04A
:1043880010BD034A40F24A4102480AF0E7F8E7E75D
:10439800D4530108EC52010810B5044628B104F5BD
:1043A800A650083004F0DEFE10BD034A4FF48B61BE
:1043B80002480AF0D3F8F2E7D4530108EC52010896
:1043C80010B5044620B104F5805494F81A0D10BDB8
:1043D800034A40F25F4103480AF0C0F8F3E700BF20
:1043E800D4530108EC52010810B5044620B104F575
:1043F800805494F8190D10BD034A40F266410348F1
:104408000AF0ACF8F3E700BFD4530108EC520108F6
:104418000C4B1B7823B102780B4B1B789A420AD0BD
:104428000123084A13700178074A11704178074A36
:104438001170184670474278044B1B789A42EFD1A6
:10444800002070472F030020310300203003002094
:1044580008B5044B01221A70034A1021034807F0DB
:104468001DF908BD35030020594400083803002011
:1044780008B50021034B1970034B1970034800F06D
:104488002DFE08BD320300202F0300204803002022
:1044980008B5FFF7BDFF48B9FA2003F0B7FF03F0EE
:1044A800CDFF01460548FFF77DFD08BD4FF47A6250
:1044B8000321024803F042FFEEE700BFE4080020B2
:1044C80008B5034B1B7803B908BDFFF7E1FFFBE70D
:1044D8003203002008B504F091FC0D48FFF7B0FC4A
:1044E8000C4800F06BFD00230B4A13700B4A137045
:1044F8000B4B1B782BB10B4A10210B4807F0CEF859
:1045080008BD074B01221A70074807F085F8F2E743
:10451800E40800204803002035030020340300206D
:1045280033030020594400083803002008B5014629
:104538000448FFF7D9FC044B00221A70FFF798FFD4
:1045480008BD00BFE40800203403002008B5044873
:10455800FFF7E4FC034B00221A70FFF789FF08BD40
:10456800E40800203403002008B5044B1B7803B18D
:1045780008BD01460248FFF715FDF9E732030020A0
:10458800E408002008B50146044B1870044B0022CB
:104598001A70044800F0A2FD012008BD3203002073
:1045A8002F0300204803002008B5FFF7EBFF08BDE4
:1045B80008B50146014800F07FFD08BD480300200A
:1045C800024B1878003818BF0120704732030020CA
:1045D80030B5DDB01C4B1C7814B920465DB030BD39
:1045E80000221A70194D10212846FFF7F9FC1EA960
:1045F8002846FFF783FD1EA8FFF762FF9DF86D317F
:10460800134A1278934204D11EA9124800F01EFDE5
:104618000DE00F4A13702846FFF7A2FC01460D482B
:1046280000F0E4FCF0E70B4800F06AFD48B101A98E
:10463800084800F03FFE0028F5D001A804F000FC6F
:10464800F1E706F053F8C8E735030020E408002036
:10465800340300204803002008B50248FFF768FE2D
:1046680008BD00BFE408002008B50248FFF794FE23
:1046780008BD00BFE408002008B50248FFF7A0FE07
:1046880008BD00BFE408002008B50248FFF7ACFEEB
:1046980008BD00BFE4080020C2EBC202920092B23B
:1046A80011441FFA81FC01F0070101228A40D2B2AD
:1046B8003BB14FEADC0C10F80C30134300F80C3017
:1046C80070474FEADC0C10F80C3023EA020300F8BC
:1046D8000C3070470A3880B2072805D80B2905DD49
:1046E800102905DD00207047002070470020704722
:1046F80001207047A0F10B039BB2052B0CD80C29A5
:1047080003DD0F2906DD002200E000220B2804D17A
:1047180001230DE00122F9E70022102807D00D2916
:104728000AD00F2901D0002302E0012300E0012371
:1047380022B12BB9002070470123F9E70020704708
:1047480001207047A1F10D039BB2012B12D80B2A4F
:1047580012DD0D2A12DC0BD0C2EBC20302EB83027E
:104768001044435C442B01D000207047012070475F
:1047780001207047002070470020704700207047D4
:104788004B1C9BB21D2B2FD870B50646B2F1FF3FCC
:104798002CDB1F2A2CDC00291EDB1B29A8BF1B21B0
:1047A8000D46002A1ADB1E2AA8BF1E221446C4EB97
:1047B800C40304EB830333445B5D232B10D02146F1
:1047C8002846FFF797FF68B9224629463046FFF783
:1047D800B9FF60B101200AE00025E2E70024E6E71E
:1047E800012004E0012002E000207047002070BD95
:1047F8000020FCE72DE9F84380469FB239440DB20A
:10480800BDF820904A4414B2002622462946404664
:10481800FFF7B6FF38B1013636B23D442DB24C44ED
:1048280024B2212EF1DD3046BDE8F883063800EBCE
:10483800D07040F34F00002802DB052802DC7047E7
:10484800002070470520FAE7884204DB05318142E1
:1048580003DA002070470020704701207047884223
:10486800A8BF084670478842B8BF084670472DE978
:10487800F04F83B007460E4615460093BDF9303019
:1048880001936FF001094FF00C0844E0BDF80010E7
:10489800ABEB0100A1EB0B01073909B200B2FFF73E
:1048A800E2FF01460020FFF7DEFF8346BDF8041053
:1048B800AAEB0100A1EB0A01073909B200B2FFF720
:1048C800D2FF01460020FFF7CEFF01465846FFF70A
:1048D800CAFF01464046FFF7C2FF8046013424B2B2
:1048E800022C14DCA4B24FEAC40B1FFA8BFB1FFA8C
:1048F80089F24FEAC20A1FFA8AFAA1192A4412B2A7
:1049080009B23846FFF73CFF0028BFD0E6E709F1B7
:1049180001030FFA83F9B9F1020F02DC6FF0010409
:10492800DEE7B8F1000F05DD08F1FF3318B203B078
:10493800BDE8F08F0020FAE72DE9F04F85B0054675
:104948000E4617469A464FF0FF39CDF800900023DF
:10495800FFF750FF1FFA80F84FEAC8081FFA88F8D7
:104968004FF0010BCDF800B000233A4631462846F7
:10497800FFF740FF83B2DB009BB20393002400944F
:104988004B463A4631462846FFF734FF1FFA80F96E
:104998004FEAC9091FFA89F900945B463A4631463D
:1049A8002846FFF727FF83B2DB009BB209EB030021
:1049B80080B2083000B2FFF739FF8146039B08EB4D
:1049C800030080B2083000B2FFF730FF01464846C6
:1049D800FFF745FF81461DE008F101080FFA88F846
:1049E800B8F1070F12DC009443463A463146284690
:1049F800FFF73DFF4946FFF727FF0028ECD080234B
:104A080023FA08F3DBB243EA0B0BE5E70AF804B034
:104A1800013424B2072C03DC4FF00008C346DFE75B
:104A280005B0BDE8F08F2DE9F84307460D4614465A
:104A38001E468BB21B2B06D8002A3CDB1E2A3DDD06
:104A48004FF0000801E04FF0000807F21329224652
:104A580029464846FFF794FE98BBB8F1000F09D0E5
:104A6800C4EBC40304EB83033B442B4493F8133295
:104A7800232B26D001233370B8F1000F35D007F16E
:104A88001403E4B2C4EBC404A400A4B254FA85F538
:104A9800C5F3CC02995C05F007050123AB40D8B2F9
:104AA8000B4222D08137BB5C184223D01523B37147
:104AB8000C23737015E04FF00008C6E74FF00108AB
:104AC800C3E703233370224629464846FFF73AFED8
:104AD80048B10A237370B31D224629464846FFF79A
:104AE8002BFFBDE8F8830923F4E71323B3710823E8
:104AF8007370F6E71423DAE7034690F8F401002808
:104B080040D000B593F8F1E193F8F5C0E6451FD120
:104B180003F11400C2EBC202920092B21144C1F335
:104B2800CC0C10F80C0001F0070101228A405FFA52
:104B380082FE024214BF0121002103F5887010F89B
:104B48000C00024214BF012200228A4202D0012036
:104B58005DF804FB03F1810212F80C201EEA020F33
:104B680014BF0122002203F27D1313F80C301EEA51
:104B7800030F14BF01230023934201D00120E7E76C
:104B88000020E5E7012070470022012304E003EB41
:104B980083035B000132D2B28A42F8D309B183425F
:104BA8000DD8B0FBF3F0074BA3FB0023DB0803EBA6
:104BB8008303A0EB4303D8B23030C0B27047202043
:104BC800704700BFCDCCCCCC2DE9F84381460D46CB
:104BD80017461E460C78C4EBC40801EB480808F1D8
:104BE8000208072C14D84346324639464846FFF790
:104BF8001AFF0137FF00C4EBC40305EB43039F8092
:104C08000336F600DE802B7801332B70BDE8F8837D
:104C1800034A40F2B311034809F0A0FCE3E700BFE0
:104C2800185401084454010838B504460D4612E0EA
:104C3800164BA3FB0C231B09C3EB0312ACEB42027C
:104C4800013A0CF1010CA4F8F6C1013B12B2294655
:104C58002046FFF7B9FFB4F8F6C140F2DD339C45B2
:104C680002D82B78072BE3D940F2DD339C450BD9CA
:104C7800002384F8F831F822214604F1FC00FDF7FE
:104C8800AFF8012384F8F43138BD00BF89888888DB
:104C98002DE9F84F81468B46002601E00136B6B271
:104CA800B6F5597F4AD2B408254BA3FB0434C4EBAC
:104CB800C405A6EB85051FFA85FAEDB2A7B2E4B2E2
:104CC800224629464846FFF717FF0028E6D09BF8FA
:104CD8000030022B32D85FFA8AF8FFB23B464246D0
:104CE80059464846FFF770FF09F11403C7EBC70799
:104CF800BF00BFB2B844C8F3CC07DA5D08F00708B4
:104D0800012303FA08F35FFA83F8134214BF01235F
:104D180000232246294609F58870FFF7BDFC09F1F2
:104D28008103DB5D13EA080F14BF01230023224629
:104D3800294609F27D10FFF7AFFCAFE7BDE8F88F11
:104D4800254992242DE9F0410546884617461E4616
:104D58000478072C12D8C4EBC40005EB400080F897
:104D680002800772C670BDF918308380BDF91C3007
:104D7800C3802B7801332B70BDE8F081034A40F2E1
:104D88001D11034809F0EAFBE5E700BF18540108C4
:104D9800445401084FF0FF33C0F8F931C0F8FD3131
:104DA800C0F80132C0F80532C0F80932C0F80D3237
:104DB800A0F81132704770B50C4615461E4604F02F
:104DC8005BFE3070049B0B221A700134E400059BD3
:104DD8001C80069B1D8070BDF0B585B005460C464D
:104DE80016461F4619291ED8022C23D9092C30D95A
:104DF8000E2C42D9102C52D9132C6BD8113CE4B28A
:104E080095F8F430A34261D903223270A3425FD9E6
:104E180000233B70240118340A9B1C804FF48C73C8
:104E28000B9A138013E0444A40F20A21434809F0E0
:104E380095FBD9E7E11C0B9B02930A9B0193009712
:104E480033460022C9B23E48005DFFF7B4FF05B003
:104E5800F0BD033CE4B2C4F10601C9B2D5F8F000D4
:104E6800FFF792FE0B9B02930A9B01930097334630
:104E780008222146FFF79FFFE9E7A4F10A00C0B224
:104E880004F10C010B9B02930A9B01930097334694
:104E98000022C9B22B4C205CFFF78DFFD7E7A4F1A5
:104EA8000F01C9B2C1F101010A34E4B2C9B295F8DF
:104EB800F500FFF769FE0B9B02930A9B019300978D
:104EC800334608222146FFF776FFC0E716229CE703
:104ED80008239EE7152C18D8A4F11403DBB295F823
:104EE8009725012A00D90022174951F82220A4F158
:104EF8000901D05C0B9B02930A9B019300973346F0
:104F08000022C9B2FFF757FFA1E7A4F11603DBB2ED
:104F180095F898256AB10D4AD05C0B9B02930A9BC1
:104F28000193009733464FF48C722146FFF743FFF5
:104F38008DE72020F1E700BF9C5401084454010884
:104F4800C0540108C454010818990108CC54010838
:104F5800F0B585B006460F46002401E00134E4B2FE
:104F6800192C29D80DF10E03019303AB00930DF111
:104F78000B030DF10A0221463046FFF72DFF2546A7
:104F8800331993F8F9319DF80A209342E6D03B781B
:104F9800022B11D8BDF90E300193BDF90C300093E6
:104FA8009DF80B3001213846FFF7CCFE35449DF8BB
:104FB8000A3085F8F931D1E705B0F0BD10B50446DF
:104FC80048B140F29C5200212046FCF739FD2046AA
:104FD800FFF7E0FE10BD034A40F2E121024809F064
:104FE800BDFAEEE71C5501084454010838B50D46D2
:104FF8000446B8B1EDB140F28332294604F21320D9
:10500800FCF7EEFE012384F89635002384F8F4318A
:10501800A4F8F63194F8F83084F8F8312046FFF710
:10502800B9FE38BD064A40F2E921064809F096FA69
:10503800E0E7054A40F2EA21024809F08FFADAE788
:105048001C550108445401083055010838B50D466F
:105058000446E8B11DB3F82229462046FCF7C0FEF5
:10506800012384F8F83094F8F4312BB194F8F12145
:1050780095F8F5309A420AD0002384F8F431A4F860
:10508800F631012384F8F8312046FFF783FE38BD56
:10509800064A4FF43E71064809F060FADAE7054A15
:1050A80040F2F921024809F059FAD4E71C550108E1
:1050B800445401084055010838B50C46054610B15E
:1050C80085F8984538BD034A4FF44471024809F001
:1050D80045FAF5E71C5501084454010838B50C4653
:1050E800054610B185F8974538BD034A40F2173197
:1050F800024809F033FAF5E71C5501084454010841
:1051080010B5044610B194F8F80110BD034A4FF4E5
:105118004E71034809F022FAF5E700BFD45401089C
:1051280044540108F8B505460C461E4617463AB1E0
:105138006EB10135ED003D800334E4003480F8BDE4
:10514800064A40F23F31064809F008FAF0E7054AF6
:105158004FF45071024809F001FAEAE75455010882
:1051680044540108645501082DE9F04704460D46EA
:105178001646C378C3F580731F46002B21DB7F11C9
:1051880094F8008094F8019049464046FFF7A2FA47
:10519800D0B14FF0040A33462A4649464046FFF745
:1051A800C1FF2B885344043B2B803388043B9AB2BD
:1051B8003380A378013B032B0BD8DFE803F0080CFE
:1051C800130F03F11F07DAE74FF0000AE3E73A4449
:1051D8003280BDE8F087D21B3280FAE72B883B4447
:1051E8002B80F6E72B88DB1B2B80F2E72DE9F047B5
:1051F80084B00646884600241DE006EB8403D9796E
:10520800987904F073FC074629E04FF0060903AAD1
:105218000DF10E015046FFF7A7FFBDF90C300193C1
:10522800BDF90E3000934B463A4602214046FFF73F
:1052380089FD0134E4B2032C1DD896F8F620A14666
:105248000123A34006EB840A0AF1040A13EA0205C3
:10525800D3D006EB8403D87904F053FC0746144BEB
:1052680013F80990002DD2D096F8F730002BCCD047
:105278004FF00709CBE703AA0DF10E013046FFF7FF
:1052880073FFF178B07804F043FC024696F897353E
:10529800BDF90C100191BDF90E100091003B18BF2B
:1052A800012302214046FFF74DFD04B0BDE8F08719
:1052B8002099010870B50C460646E0B114B3722275
:1052C80000212046FCF7BCFB96F8F8508DB196F803
:1052D800965575B196F8F831DBB921463046FFF797
:1052E800D7FC21463046FFF733FE21463046FFF70C
:1052F8007DFF284670BD0B4A40F21E310A4809F06E
:105308002DF9DBE7094A40F21F31074809F026F971
:10531800D5E721463046FFF787FC2578003D18BFC2
:105328000125E6E71C550108445401087455010895
:1053380070B584B001900E4615460290002406E030
:105348003146029803F0DEFB02900134E4B2AC422D
:10535800F6D3029B03930020BDF80C3063F30F00D3
:10536800BDF80E3063F31F4004B070BD00B587B0C0
:10537800019000920222FFF7DBFF0490BDF8102095
:10538800BDF80030D31A12FA83F3ADF80C30BDF82B
:105398001220BDF80230D31A12FA83F3ADF80E309A
:1053A800039B05930020BDF8143063F30F00BDF88C
:1053B800163063F31F4007B05DF804FB10B586B0E4
:1053C80004460191807903F07BFB03902046FDF7AA
:1053D800EBFE0490019903F0D3FB3F280CD8039B04
:1053E80005930020BDF8143063F30F00BDF81630A4
:1053F80063F31F4006B010BD019B0593F1E7000061
:1054080070B582B00E4601921D46044668B1032E5F
:1054180011D8002201992046FDF756FEA6710023F7
:10542800E3712572657202B070BD064A4B210648C9
:1054380009F094F8EBE7054A4C21034809F08EF887
:10544800E7E700BF90550108A4550108F455010885
:1054580010B5044610B10023637210BD024A5821EA
:10546800024809F07BF8F6E790550108A4550108B1
:1054780010B5044608B1607A10BD034A5F2103489D
:1054880009F06CF8F7E700BF14560108A4550108A5
:1054980010B5044608B1207A10BD034A66210348B6
:1054A80009F05CF8F7E700BF14560108A455010895
:1054B80010B5044610B10023237210BD024A6D21B5
:1054C800024809F04BF8F6E790550108A455010881
:1054D80010B582B00191044658B1002201992046C6
:1054E800FDF7F2FD0123237200236372E37102B01A
:1054F80010BD034A7421034809F030F8EDE700BFF6
:1055080090550108A455010838B50C46054608B160
:10551800EC7138BD024A8C21024809F01FF8F7E700
:1055280090550108A455010870B584B00C46019245
:105538001E46054658B184B12B7AA3B9EB790BB353
:10554800AB79032B3AD8DFE803F022252C331F4A26
:1055580094211F4809F002F8EDE71E4A95211C48DE
:1055680008F0FCFFE8E7204603F046FA0390002025
:10557800BDF80C3063F30F00BDF80E3063F31F4025
:1055880004B070BDA87903F09BFA0390EFE7019B84
:105598000393ECE7042231460198FFF7C9FE039014
:1055A800E5E7089A31460198FFF7E0FE0390DEE749
:1055B80001992846FFF702FF0390D8E7064AA92178
:1055C800034808F0CBFF019B0393D0E7145601086A
:1055D800A45501082852010828560108F0B589B0D9
:1055E8000C4603921E46054628B154B16A7A72B138
:1055F800002009B0F0BD1F4AB5211F4808F0AEFFD2
:10560800F3E71E4AB6211C4808F0A8FFEEE7284633
:10561800FDF7E6FD03F0DEFA0746EB79022B1AD018
:105628000E9B00933346039A21462846FFF77CFFDA
:1056380005902846FDF7B8FD014607902B7A0093A0
:105648003B46059A204600F0C7F802462146284600
:10565800FDF77CFDCDE72846FDF7A6FD014606903F
:105668002B7A00933B46039A204600F0D5F8024671
:10567800ECE700BF90550108A4550108285201081D
:1056880010B582B0044670B12046FDF78DFD01903B
:105698000020BDF8043063F30F00BDF8063063F353
:1056A8001F4002B010BD034AD621034808F056FF38
:1056B800EAE700BF14560108A455010810B50446CE
:1056C80018B12046FDF78CFD10BD034ADD210348C3
:1056D80008F044FFF5E700BF14560108A455010877
:1056E80010B5044608B1E07910BD034AE421034827
:1056F80008F034FFF7E700BF14560108A455010865
:1057080008B5FFF7EDFF022814BF0020012008BDEF
:10571800884294BF00200120704788422CBF002097
:10572800012070472DE9F04F87B003910292994606
:105738009DF840B0804630B1119B53B100240194CC
:10574800A246274614E0204A3621204808F006FFE2
:10575800F2E71F4A37211D4808F000FFEEE70599D8
:10576800404603F08BF9A8B101E0B2462F46013458
:10577800032C22D8174B1D5D2946039803F0C2F964
:1057880001460590404603F033F80028EFD0BBF1FE
:10579800000FE4D04D450ED00299059803F0F0F9BA
:1057A8000646002FE1D05146119B98470028DCD1CE
:1057B80056463D46D9E70195D9E707B9019F3846CE
:1057C80007B0BDE8F08F00BF285201083056010825
:1057D800885601082499010830B585B003910292D2
:1057E8001C46054660B1094B01939DF82030009393
:1057F8002346029A03992846FFF794FF05B030BD67
:10580800034A6E21034808F0A9FEECE72357000875
:10581800285201083056010810B584B0039102924D
:10582800044C01949DF818400094FFF77BFF04B0E6
:1058380010BD00BF19570008044B00221A605A60B7
:105848009A60DA601A615A61704700BFCC3700204D
:1058580008B52021043005F0DFF908BD10B504466D
:10586800012805D804EB4404044800EB840010BD6B
:10587800034A2E21034808F071FEF3E7CC370020D5
:10588800A0560108C456010830B5CBB04FF4807556
:105898002A4600210AA8FCF7D3F82422002101A8EF
:1058A800FCF7CEF8134B0293042303930DF1100C6D
:1058B800114C0FCCACE80F0094E803008CE803000F
:1058C80001A8FFF7C5FF01900DF1280E0DF1040C9A
:1058D800BCE80F00AEE80F00BCE80F00AEE80F0010
:1058E800DCF80030CEF8003029460AA804F096FA11
:1058F8004BB030BD4D434150CC37002010B5CAB035
:10590800FFF79AFF4FF480710AA804F065FA0DF1C9
:10591800040E0DF1280CBCE80F00AEE80F00BCE83F
:105928000F00AEE80F00DCF80030CEF80030029A25
:105938000C4B9A4202D1039B042B01D04AB010BDF4
:10594800019C01A8FFF784FF8442F7D1064C0DF1B2
:10595800100CBCE80F000FC49CE8030084E80300A7
:10596800ECE700BF4D434150CC37002010B50C4642
:10597800FFF774FFF4B10023022B06D850F8232058
:10598800A24202D30133DBB2F6E7022B14D802227B
:10599800934209D202F18041013950F8211040F8B0
:1059A8002210013AD2B2F3E740F82340FFF76CFF28
:1059B800012010BD0020FCE70020FAE738B50546B5
:1059C8000C46022905D82846FFF748FF50F824005E
:1059D80038BD034A9921034808F0C0FDF3E700BF2A
:1059E8001C570108C456010808B5FFF737FF0068BF
:1059F80008BD08B5FFF720FF04F052FA08BD0246BB
:105A0800036883EA433383EA534383EA431010600D
:105A1800704738B515461C46FFF7F1FF854274F10B
:105A280000042CBF0120002038BD002905DB162307
:105A380003FB01000244D079704700207047162309
:105A480003FB0103DB7983B1162303FB01031B7AF4
:105A58006BB1162303FB01035B7A53B1162303FBD7
:105A68000100837A3BB9002070470020704700206E
:105A78007047002070470120704730B504460D4636
:105A88004FF0000E70461AE001335BB2082B11DCB0
:105A9800DBB203EB83025EFA82F252B24FF0160CCD
:105AA8000CFB024C9CF806100029EDD12A54013059
:105AB800C0B2E9E740B90EF1010E4FFA8EFEBEF111
:105AC800040F01DC0023E1E730BD162303FB0101CD
:105AD80001238B7190F8F033CB727047002301E0FB
:105AE80001335BB22C2B0EDC4FF0160C0CFB030CB5
:105AF8009CF80BC08C45F3D14FF0160C0CFB030C33
:105B08008CF80B20ECE7704702EB820251FA82F224
:105B180052B202F1010C162303FB0203DB792BBB03
:105B2800162303FB02035B7A13BB21B1162303FB85
:105B380002039B7AF3B9162303FB0202137ADBB143
:105B4800162303FB0C03DB79C3B9162303FB0C03F1
:105B58005B7AABB9162303FB0C039B7A93B116232C
:105B680003FB0C00037A7BB10020704700207047CC
:105B780000207047002070470020704700207047C1
:105B880000207047002070470120704702EB820216
:105B980051FA82F35BB203F1050C04292DD01622C9
:105BA80002FB0302927A002A50D1162202FB03025A
:105BB800127A002A4CD1162202FB0302D279002A5B
:105BC80048D1162202FB03035B7A002B44D002FB68
:105BD8000C039B7A002B41D102FB0C031B7A002B90
:105BE8003ED102FB0C03DB79002B3BD002FB0C00FF
:105BF800437A002B38D000207047162202FB03029C
:105C0800927ABAB9162202FB0302D279A2B91622F5
:105C180002FB03035B7A8BB902FB0C039B7A7BB90B
:105C280002FB0C03DB796BB902FB0C035B7A5BB1FB
:105C38000020704700207047002070470020704700
:105C480000207047002070470120704700207047EF
:105C580000207047002070470020704700207047E0
:105C680000207047002070470120704730B502EBD4
:105C7800820251FA82F2D3B252B203F1010E4FFA04
:105C88008EFE03F1050C4FFA8CFC063359B216242C
:105C980004FB0203DD7A01225A721A7204FB0E0316
:105CA8005A729A72DD7204FB0C03DA711A72DD7291
:105CB80004FB0100C2718272C57230BD00222C2A19
:105CC80052DCF0B516E0162101FB0301C97C00295E
:105CD80045D00224162101FB03018C73897C00291D
:105CE8003FD00421162404FB0303D973013252B2B6
:105CF8002C2A38DC1346162101FB020191F905E034
:105D080000EB0E0494F9E76391F90440051995F93D
:105D1800E2535FFA84FC0CEB4C0C5FFA8CF781F8C9
:105D28000CC0B6F1FF3F06D0B44204DD162101FBDA
:105D38000201013F0F735FFA8EF101EB4101CCB212
:105D48004FF0160C0CFB030C8CF80D10B5F1FF3F4F
:105D5800B9D0AE45B7DD01348CF80D40B3E7032464
:105D6800B8E70321BEE7F0BD7047C9B20F291AD8BA
:105D7800002A18DB1E2A16DC00B5023949B201F1E7
:105D88000E0EC2EBC20C00EB8C0CF4448CF8F4330E
:105D9800C1F10D01C2EBC20200EB8200084480F899
:105DA800F4335DF804FB7047CBB20F2B0CD8002AF4
:105DB8000CDB1E2A0CDC0C31C2EBC20200EB8200A9
:105DC800084490F8F403704700207047002070479B
:105DD800002070475FFA81FCBCF10F0F0AD8002A37
:105DE80008DB1E2A06DC023901EB0212911C08446A
:105DF80080F858377047CBB20F2B0BD8002A0CDB32
:105E08001E2A0DDC023901EB02110231084490F917
:105E1800580770474FF0FF3070474FF0FF3070471A
:105E28004FF0FF30704710B50446FFF7E4FF002835
:105E380004DB162303FB0040C07A10BDFF20FCE7FB
:105E48002DE9F84F81468846174616E0BA460126DE
:105E580022E00136F6B2BA46254626E00136F6B209
:105E6800DA4645462DE0012E39D120233A464146EF
:105E78004846FFF77AFF5746A8465FFA88F4651E3A
:105E88006DB23A4629464846FFF78EFF2E28DDD0E8
:105E980000264FF0FF3A5546013464B23A4621468F
:105EA8004846FFF781FF2E28D3D0FCB204F1FF3B10
:105EB8004FFA8BFB5A4641464846FFF775FF2E2896
:105EC800CCD0013464B2224641464846FFF76CFF05
:105ED8002E28C8D10136F6B2A2464546C3E7BDE82A
:105EE800F88F2DE9F04705460F461646022401E0D3
:105EF800013464B2A04663001E2B2DDC22460E211D
:105F08002846FFF751FF2E28F2D1621C52B20E210B
:105F18002846FFF749FF2E28EAD108F1010464005A
:105F2800A3B224B2102C1ADD4FF01F094FEA6408FF
:105F380008F101084FFA88F8C246B9EB480F17DD97
:105F480042460D212846FFF72FFF2E280BD008F1D7
:105F580001084FFA88F8EFE70020BDE8F0870E3314
:105F68000FFA83F9E2E70AF1FF335B000FFA83F9CE
:105F78003C80A6F800900120EFE72DE9F0470546A0
:105F88000F4616461C2401E0013C64B263001E2B38
:105F98002ADD22460E212846FFF706FF2E28F3D1D8
:105FA800621C52B20E212846FFF7FEFE2E28EBD1C6
:105FB8006400A3B22D2C1ADC4FF01F094FEA6408C5
:105FC80008F1FF384FFA88F8C246B9EB480F17DADC
:105FD80042460D212846FFF7E7FE2E280BD008F190
:105FE800FF384FFA88F8EFE70020BDE8F0870E3B4E
:105FF8000FFA83F9E2E70AF101035B000FFA83F96C
:10600800A7F8009034800120EFE7F8B504460D4664
:10601800561A0236F717FFF7F2FCA6FB006200FBE0
:10602800072222F0010292B22A4415F0010F00D093
:10603800F8BD12B202EBD2726F2342F347020E216F
:106048002046FFF792FEF3E730B504460D460020E0
:106058002BE06F291ED1C3EBC30E03EB8E032B4439
:1060680003F80C10013212B21B2A15DC03469446C1
:10607800C0EBC00104EB8101114491F8F4132E29FF
:10608800E9D0E6D82029E6D02D2901D14421E2E73C
:106098002321E0E72321DEE7C0EBC00300EB830305
:1060A8002B4400221A77013000B21E2801DC00229E
:1060B800DAE70D210CE0C1EBC10201EB82022A44B0
:1060C8004820D05401331BB2102BF4DD013109B242
:1060D8000F2901DC0B23F7E7322385F8A13131239F
:1060E80085F8A331332385F8A531302385F84D3160
:1060F800502385F8A83200212BE0C3EBC30003EB43
:106108008000284454248454013212B21B2A1CDC17
:10611800C3EBC30003EB80002844805C2028ECD04C
:106128001B22002A13DBC3EBC30003EB80002844C7
:10613800805C20280BD1C3EBC30003EB800028440C
:1061480054248454013A12B2EBE71B22E9E70131E7
:1061580009B21E2911DC0B46C1EBC10201EB820218
:10616800AA5C202AF3D1C1EBC10201EB82022A44C6
:10617800D27E202AEBD10022C8E730BD2DE9F843B2
:106188000E469146551A01354FEAE578FFF737FC78
:1061980007460446B14507DBA5FB045407FB084046
:1061A800304440B2BDE8F883024AC421024808F0EE
:1061B800D5F9F1E73857010854570108F8B50746EB
:1061C8000D46164600240CE0721E52B200213846D5
:1061D800FFF7D4FFC0B22B572A562A552B54013447
:1061E800E4B2B442F0D3F8BD4AB110B50C46013A56
:1061F80052B20021FFF7C2FFC0B2205610BD4FF0C7
:10620800FF30704770B5064614460D1E05DB032C9B
:1062180031D8DFE804F01C122608214AEF21214872
:1062280008F09CF9F3E7162303FB056393F90430A0
:10623800002B28DD681E40B270BD162303FB0563E2
:1062480093F90430032B21DC681C40B2F4E71623D1
:1062580003FB056393F90530002B1ADD681F40B274
:10626800EAE7162303FB056090F90530072B13DCDA
:10627800681D40B2E0E70C4AF7210A4808F06EF9B9
:106288004FF0FF30D8E74FF0FF30D5E74FF0FF3041
:10629800D2E74FF0FF30CFE74FF0FF30CCE700BF39
:1062A800A8570108545701082856010838B504466C
:1062B800162000FB014090F9050006281FD007288A
:1062C80029D09DF9100002280DD19A423FD0901C88
:1062D800D0F1000C00F003000CF0030C58BFCCF117
:1062E8000000984235D02046FFF78CFF011E32DBB4
:1062F800162303FB01439B79C3B1002038BD4FF03F
:10630800160C0CFB014C9CF90450002DD7D1022A25
:10631800D5D10020F2E7162000FB014090F90400D7
:106328000028CED1002ACCD10020E7E7032220465E
:10633800FFF768FF002806DB162303FB0044A37958
:106348001BB10120DAE70120D8E70020D6E70020BA
:10635800D4E70020D2E70020D0E72DE9F04782B04B
:106368008146884617461E46DDF828A000242546A3
:1063780001E0013464B2032C0DDC00963B46224652
:1063880041464846FFF792FF0028F2D00AF8054038
:106398000135EDB2EDE7284602B0BDE8F08770B5EB
:1063A8000546002472E00123042A08D0162101FBC7
:1063B8000651097A31BB012102E00023F4E70121EB
:1063C8007BB171B1162101FB065191F807C0497ADA
:1063D8008C4506D0162101FB06514FF0010C81F8BF
:1063E80010C0002830DB162101FB005191F9041080
:1063F800042909D0162101FB0051097A00295DD131
:10640800012102E00021DBE70121EBB1162303FBA8
:106418000653DB79C3B9162303FB06535B7A9BB992
:1064280091B1162303FB0053DB796BB9162303FBE9
:1064380000535B7A43B9162101FB065C01238CF8F3
:10644800103001FB00500374042A39D0162303FBD3
:10645800065393F9053023B1162202FB0652D2796E
:1064680092B9082B04D0162303FB06535B7A5BB959
:10647800162303FB06539A7A1B7A9A4204D01623F2
:1064880003FB065601237374013464B22C2C23DCFD
:106498002646012221462846FFF7B4FE162303FBB1
:1064A800045393F90420002A3FF47DAF162303FB1D
:1064B80004539B7A002B80D1012375E70021A4E7C0
:1064C800162303FB06531B7A002BBFD0162303FBAE
:1064D800065301225A74B9E770BD042900F094806C
:1064E8002DE9F04184B00546884616464FF0FF3442
:1064F8000DE0162303FB0453DB79002B55D021460E
:106508002846FFF79CFA00284FD1013E76B2002EAC
:106518004BDBF6B206EB860758FA87F77FB2012203
:1065280039462846FFF76EFE0446162303FB075339
:10653800DB79002BDDD039462846FFF780FA0028A2
:10654800E3D0D6E7022231462846FFF76EFA70B349
:1065580031462846FFF773FA48BB022221462846EF
:10656800FFF750FE0446002C21DB03222146284673
:10657800FFF748FE06462346162202FB0452127C09
:1065880032B107F110026A4402F80C4C0137FFB22D
:10659800162202FB03535B7A002BD3D021462846F0
:1065A800FFF74DFA0028D8D0CCE70027DBE73A46BA
:1065B80001A92846FFF702FE002401E00134E4B2F5
:1065C800A7421DD904F110036B4413F90C6C162370
:1065D80003FB065393F9052093F904102846FFF7A7
:1065E8007CFF0028EAD0162303FB06560123B37468
:1065F80096F9042096F90530154485F8E23300E051
:10660800002004B0BDE8F0810120704770B506464F
:10661800002201E0013462B2022A1CDCD4B204EB8D
:1066280084056DB2162303FB05631B7C002BF1D098
:1066380000213046FFF751FF0028EBD0162303FB5B
:1066480005650123AB7495F9042095F905301644C6
:1066580086F8E23300E0002070BD082A00F095803B
:106668002DE9F04182B0054617464FF0FF340EE0A1
:10667800162303FB04531B7A002B57D021462846C8
:10668800FFF7DDF9002851D108F1010149B20429C9
:106698004CDC07EB87065FFA81F858FA86F676B283
:1066A800022231462846FFF7ADFD0446162303FBB8
:1066B80006531B7A002BDBD031462846FFF7BFF97B
:1066C8000028E1D0D4E7032231462846FFF7ADF988
:1066D80070B331462846FFF7B2F948BB032221467A
:1066E8002846FFF78FFD0446002C21DB00222146B7
:1066F8002846FFF787FD06462346162202FB04526A
:10670800527C32B107F108026A4402F8084C01379A
:10671800FFB2162202FB03539B7A002BD3D02146EB
:106728002846FFF78CF90028D8D0CCE70027DBE70C
:106738003A4669462846FFF741FD002401E0013446
:10674800E4B2A7421DD904F108036B4413F9086C9D
:10675800162303FB065393F9052093F904102846E2
:10676800FFF77BFF0028EAD0162303FB0656012318
:10677800F37496F9052096F90430154485F8E73343
:1067880000E0002002B0BDE8F0810120704770B53C
:106798000546042401E0013C64B2002C1ADB1623F0
:1067A80003FB04535B7C002BF5D0002221462846CE
:1067B800FFF753FF03460028EDD0162202FB0456CC
:1067C8000122F27496F9051096F904200D4485F813
:1067D800E72300E00023184670BD2DE9F041044688
:1067E80090F85F00002855D194F86030002B52D102
:1067F80094F8D103002850D194F8D063002E4AD1E0
:106808000025072D2EDD2046FFF700FF002842D087
:106818002046FFF7BCFF3EE04FF000082A46394605
:106828002046FFF7B3F958B1791C2A4649B22046E9
:10683800FFF7ACF960B1012303E04FF00008EDE782
:106848000023B8F1000F00D14BB11FB9304622E048
:106858000023F6E72A4639462046FFF707FA0137AC
:106868007FB200E00027032F11DC2A463946204674
:10687800FFF74AF90028CFD06A1C52B239462046A1
:10688800FFF742F90028D8D04FF00108C6E70135D4
:106898006DB2B6E70020BDE8F0811846FBE72DE9A8
:1068A800F843044600250DE0012231462046FFF753
:1068B800A9FC014601222046FFF7B7F800284CD072
:1068C80001356DB2042D57DCA9460322294620461E
:1068D800FFF798FC8046012229462046FFF792FCE4
:1068E8000746022229462046FFF78CFC0646162357
:1068F80003FB05439B7A002BE2D1162303FB0543D8
:106908001B7A002BDCD1162303FB0543DB79002B14
:10691800D6D1162303FB05435B7A33B10222014625
:106928002046FFF782F80028CAD1002241462046B7
:10693800FFF77BF80028C3D1002FC1DB00223946BE
:106948002046FFF772F80028BAD1002E05DB16237F
:1069580003FB06431B7A002BA6D14FF0804200238D
:106968002046FFF756F80028AAD0162303FB09494A
:10697800012389F80730A3E700230DE001223946F7
:106988002046FFF73FFC014601222046FFF74DF85D
:10699800002850D0731C5BB2042B5ADCDEB206F11F
:1069A80028056DB2032229462046FFF72BFC8146B5
:1069B800012229462046FFF725FC80460022294669
:1069C8002046FFF71FFC0746162303FB05439B7A67
:1069D800002BDFD1162303FB05431B7A002BD9D1EB
:1069E800162303FB05435B7A002BD3D1162303FB45
:1069F8000543DB7933B1002201462046FFF715F83D
:106A08000028C7D1022249462046FFF70EF8002881
:106A1800C0D1B8F1000FBDDB022241462046FFF786
:106A280004F80028B6D1002F05DB162303FB074323
:106A38001B7A002BA2D14FF0804200232046FEF79C
:106A4800E8FF0028A6D0162303FB054501236B7237
:106A5800A0E7012301E0731C5BB2072B62DCDEB206
:106A680006EB8605EDB204356DB2002229462046B4
:106A7800FFF7C8FB0746022229462046FFF7C2FB5C
:106A88008046162303FB05439B7C002BE3D116238A
:106A980003FB05431B7A002BDDD1162303FB0543BB
:106AA800DB79002BD7D1162303FB05435B7A002B38
:106AB800D1D1012239462046FEF7B7FF0028CAD1B6
:106AC800012241462046FEF7B0FF0028C3D1162315
:106AD80003FB05439B7A002BBDD0032229462046A1
:106AE800FFF790FB162303FB0043DB79002BB2D1A1
:106AF800162303FB00435B7A002BACD1162303FB60
:106B08000040837A002BA6D14FF000420023204694
:106B1800FEF77FFF00289ED0162303FB05450123BF
:106B28002B7298E7BDE8F88310B50446162303FBDB
:106B3800010301221A7293F9173023B9162303FBB4
:106B480001010A7510BD0222FFF75CFB162303FB47
:106B5800004401232375F5E7F8B505460F461646A8
:106B6800FFF750FB041E18DB4FF0160C0CFB075107
:106B78008B190120D871B31C5A4203F0030302F0A9
:106B8800030258BF53420CFB04541C44E07191F9B2
:106B980004300BB9864207D0F8BD044A4FF4CE71D1
:106BA800034807F0DBFCDFE78872F5E7B857010810
:106BB800545701082DE9F04182B005460C460122E0
:106BC800FFF720FB162303FB045393F90430002B33
:106BD8005BDD162303FB0454247A002C56D00028CE
:106BE80058DB012201462846FFF70CFB061E53DB43
:106BF80095F8F1330BB1002448E000220123284620
:106C0800FEF707FF04460028F5D04FF0FF3700973E
:106C18003B46002231462846FFF748FB804600974E
:106C28003B46022231462846FFF740FBB8F1000FE9
:106C380028D0E8B90027032231462846FFF78CFF01
:106C480031462846FEF741FF3A4631462846FFF7C7
:106C580083FF3A4631462846FFF7D4FA01462846CC
:106C6800FEF733FF95F8F133013385F8F1330DE082
:106C7800012200212846FFF781FA07460028DAD0CA
:106C88000227D8E750B10227D5E70024204602B0F2
:106C9800BDE8F0810024F9E70024F7E70446F5E7AA
:106CA800F0B585B090F8F173AFBB044616461623CD
:106CB80003FB010191F90430002B2CDD4FF0004259
:106CC8000023FEF7A6FE30B3002501E001356DB2C2
:106CD800032D1FDC2A4631462046FFF793FA162378
:106CE80003FB06432B44DB79002BEFD00028EDDBB8
:106CF8004FF0FF3300932A4601462046FFF7D6FAA5
:106D08000028E3D007F110036B4403F8045C013753
:106D1800FFB2DBE70FB905B0F0BD7A1E52B2002111
:106D28002046FFF72BFA04AB53FA80F010F9047CE5
:106D38003A4631462046FFF765FA05463A46014687
:106D48002046FFF709FF3A4629462046FFF75AFA38
:106D580001462046FEF7B9FE94F8F133013384F872
:106D6800F133D8E7000000002DE9F04790B0054660
:106D7800002380F8F0332CE068A3D3E900232846E9
:106D8800FEF747FE00284AD0162303FB075393F962
:106D9800052082B905F2F233197800293FD102B1F2
:106DA8000221162202FB07520A440121D1711A78E6
:106DB8000A441A7008E005F2F333EDE7162303FBE3
:106DC800075301221A721A7495F8F033013385F8C3
:106DD800F03304A92846FEF750FE002800F09580FD
:106DE800421E52B200212846FFF7C8F910AB53FAE9
:106DF80080F010F9307C39462846FEF766FE1623E7
:106E080003FB075393F90430032B08DC162303FB19
:106E1800075393F90530002BAED0082BACD01623BE
:106E280003FB075393F90430042BC7D0B946012458
:106E38004FF0FF38C24618E039462846FFF7BAFE39
:106E48000646B8B1023464B214E003AB009323469B
:106E5800424651462846FFF780FA0246D14617E0D7
:106E680001263BE00126002E44D1042CACDC022C88
:106E7800E2D00026002EF6D103AB0093234642460B
:106E880049462846FFF769FA024618B9022CDCD0B1
:106E9800002AE7D0013A52B200212846FFF76EF9DE
:106EA80010AB53FA80F010F9348C42464946284614
:106EB800FFF7A8F98246424649462846FFF74CFEA6
:106EC80051462846FEF701FE013464B2162303FB3F
:106ED800075393F904300BB9032CC1D00E4B03EBC5
:106EE800C403D3E900232846FEF793FD0028BAD04F
:106EF8000646B8E7033CE4B2012C3FF665AF4A46C4
:106F080039462846FFF7CCFE5EE72846FFF747FAE2
:106F180010B0BDE8F08700BF3899010899999959D0
:106F28000000000010B5044640F2DE3200210430B3
:106F3800FAF786FD002314E01D4A82FB0312D917D5
:106F4800C1EB620101EB810CA3EB0C0C162202FBD6
:106F5800034282F804C05171FF21D172D175013307
:106F68005BB22C2BE8DD002384F8F13384F8F2338C
:106F780084F8F333012384F8503184F8543184F8C9
:106F8800523184F8533184F8663184F86A3184F8D0
:106F9800693184F8BE3184F8C23184F8BF3184F88D
:106FA800C03184F8D43184F8D53184F8D83110BD93
:106FB800676666662DE9F04705460F46642200219C
:106FC8003846FAF73DFD4FF0000878E0042A40F310
:106FD800B68097F86220B91881F84840013287F8DE
:106FE8006220ACE04FF00109CA46002B0ADB1622EA
:106FF80002FB03531B7A002B41D0012303E04FF01F
:107008000009F1E701231A46162303FB04531B7AF0
:10701800002B36D1162303FB04535B7A002B4BD18C
:10702800924540F0A680BAF1000F45D0002A43D01F
:10703800032221462846FFF7E5F8731EDBB2062B2C
:107048003AD8162303FB0053DB79ABB3162303FBB3
:107058000050437A83B3162303FB045301221A76A4
:1070680093F90530023BDBB2032B25D897F8633040
:10707800FA1882F85140013387F863301CE0002386
:10708800C1E7BAF1000F17D0162303FB04530122FE
:107098005A7597F85D20B918CC76013287F85D20CB
:1070A80093F90530022B59DC97F85E30FA1882F80C
:1070B8002440013387F85E30731C4FFA83F8B8F127
:1070C800080F00F39A805FFA88F606EB8604E4B2AC
:1070D800043464B2002221462846FFF793F881461B
:1070E800022221462846FFF78DF80346162202FBA6
:1070F8000452D279002ADFD1162202FB045292F9F7
:107108000520023AD2B2042A19D8162202FB0452E8
:107118000121517697F86010781880F836400131CF
:1071280087F8601092F90520022A3FF74FAF97F8C9
:107138006120B91881F83F40013287F86120B9F120
:10714800000FFFF64FAF162202FB095999F80820E5
:10715800002A3FF454AF4FF0010945E7052BABDD9A
:1071680097F85F30FA1882F82D40013387F85F30BE
:10717800A2E7032221462846FFF744F8162303FB1B
:1071880004539B7C002B97D1B8F1070F94DC16238E
:1071980003FB0050837A002B8ED197F85A30FC54A9
:1071A800013387F85A30162303FB045301229A75DA
:1071B800BAF1000F12D00022162303FB0453DA752C
:1071C80093F9053009F10102934209DC97F85B3025
:1071D800FA185472013387F85B306DE70222EBE747
:1071E80009F104094B457FF767AF97F85C30FA1847
:1071F8009474013387F85C305EE7BDE8F0870000DF
:10720800F0B59BB00546874A0023FEF702FCF0B1B3
:10721800022401A92846FFF7CDFE012C19D09DF8BC
:1072280067200DF155012846FEF7DEFF011E3BDB06
:10723800162606FB015301241C721C7502222846DF
:10724800FEF7E0FF06FB0050047500248EE00124E1
:10725800DFE79DF861200DF11F012846FEF7C4FF06
:10726800002805DB162303FB005001230375ECE718
:107278009DF85E2001A92846FEF7B6FF011E03DB34
:107288002846FFF751FCE0E79DF864200DF13A012C
:107298002846FEF7A9FF0028C0F2C080162303FB8A
:1072A800005001230375D0E79DF862200AA92846FB
:1072B800FEF79AFF002814DB162303FB0050012376
:1072C80003751C469DF863200DF131012846FEF731
:1072D8008BFF002825DB162303FB005001230375D1
:1072E800B3E79DF85F200DF10D012846FEF77CFFFE
:1072F800011E04DB2846FFF717FC0124E2E79DF88E
:1073080065200DF143012846FEF76EFF002806DBD5
:10731800162303FB0050012303751C46D2E7002403
:10732800D0E79DF860200DF116012846FEF75CFFB6
:10733800011E03DB2846FFF7F7FB86E79DF866206A
:1073480013A92846FEF750FF002805DB162303FB88
:1073580000500123037578E7002C7FF476AF0020F6
:107368005AE00026002E5BD1013464B2082C2CDCD4
:10737800E4B204EB8401C9B2043149B2162303FB19
:1073880001531E7D002EEFD0162303FB015393F902
:107398000D7003222846FEF735FF01460029E1DB80
:1073A800162303FB0153DA79002ADAD1162303FBEB
:1073B800015393F90D30BB4205D103222846FEF74D
:1073C80021FF0146EAE71646CCE7002401E0013434
:1073D800E4B29DF86130A3421DD904F168036B44FF
:1073E80013F9497C002239462846FEF70BFF16237D
:1073F80003FB07531B7D002BE9D1162303FB005623
:1074080003FB0757F27AF97A2846FEF767FB012350
:10741800FB717372DBE701201BB0F0BD0020FBE7B6
:107428000020F9E73333337338B505464FF0FF339F
:10743800C0F8E23380F8E633C0F8E733C0F8EB333E
:1074480080F8EF33002401E00134A4B2FF2C15D8F2
:107458002846FFF767FD2846FFF786FC2846FFF712
:10746800BCF90028F0D02846FEF728FC2846FFF78C
:1074780016FA2846FFF7C4FE0028E5D0FF2C00D8EE
:1074880038BD034A40F2B971024807F067F8F7E7D8
:10749800C4570108545701082DE9F04F85B0044638
:1074A8004FF459725F2100F57D70FAF7C9FA4FF46D
:1074B800F9724FF0FF3104F5EB60FAF7C1FA4FF0BB
:1074C800000826E0162202FB0642117B3944527B53
:1074D800DDB22A440132434652B249B22046FEF791
:1074E80079FC6B1C5BB2162202FB064292F90F2054
:1074F8009A42E7DC01377FB2162303FB064393F970
:107508000E30BB4201DD0023EDE708F101084FFA18
:1075180088F8B8F12C0F02DC46460027ECE74FF05C
:10752800000BB9E000239A46B9F1000F0BDB424685
:1075380029462046FEF777FC019B984252D001234A
:1075480002E00023EFE70023BAF1000F09D143B9A5
:10755800B9F1000F0BDA1623009A03FB0243DB791B
:107568002BB92E235A4629462046FEF7FEFB5A46DB
:1075780031462046FEF718FC2E2873D001377DB21D
:107588000F2D00F385805A4629462046FEF733FC26
:107598000090EFB27E1E76B25A4631462046FEF77C
:1075A8002AFC82460BF1FF384FFA88F842462946F2
:1075B8002046FEF720FC81465A4629462046FEF71B
:1075C80032FC0190009B002B0EDBBAF1000FA9DB07
:1075D8005A4631462046FEF726FC019B9842B0D019
:1075E8000123A0E70023AFE7BAF1000F0FDB162352
:1075F80003FB0A4A9AF80830EBB15A46314620464E
:10760800FEF7D2FB2E2819D04FF0000A01E04FF008
:10761800000AB9F1000F14DB162303FB094999F896
:107628000930DBB1424629462046FEF7BDFB2E282D
:1076380016D0002306E04FF0010AEAE74FF0010AEE
:10764800E7E70023BAF1000F01D1002B8FD02E23DA
:107658005A4629462046FEF788FB88E70123F1E7CA
:107668000123EFE7424629462046FEF79DFB2E28D8
:1076780084D1424631462046FEF796FB5F287FF4C8
:107688007DAF2E235A4629462046FEF76EFB75E746
:107698000BF101034FFA83FBBBF11E0F01DC002540
:1076A8006EE7042501E005356DB22C2D18DC162394
:1076B80003FB05431B7D002BF5D0162303FB054375
:1076C8005E7B013676B22E2332460F212046FEF726
:1076D8004CFB2E2332460E212046FEF746FBE2E7FE
:1076E800002727E07C233A4631462046FEF73DFB3B
:1076F800013676B20F2E1BDC3A4631462046FEF79D
:1077080053FB2E28F4D00025072DF1D8794B13F818
:107718001510314403EB45035A783A4452B249B242
:107728002046FEF741FB2E28DCD00135EDB2EBE711
:1077380001377FB21E2F01DC0026DBE72D230C2248
:1077480002212046FEF711FB03AA0DF10E01204687
:10775800FEF7C7FB40B903AA0DF10E012046FEF75C
:107768000CFC48B9002511E0BDF90C20BDF90E103C
:107778002046FEF74AFCEEE7BDF90C20BDF90E10D5
:107788002046FEF742FCEDE701356DB21E2D0CDCFC
:107798002A460F212046FEF707FB2E28F4D12A4659
:1077A8000F212046FEF74CFBEEE72023172201218C
:1077B8002046FEF7DAFA002557E02023324629460C
:1077C8002046FEF7D2FA01377FB2FFB207F1110661
:1077D80076B2324629462046FEF7E6FA2E2813D11D
:1077E8005FFA85F808F1FF31324649B22046FEF7C4
:1077F800DBFA7C2808D108F10101324649B220465B
:10780800FEF7D2FA7C28D8D020230B22294620461E
:10781800FEF7ABFA012707E0202332462946204627
:10782800FEF7A3FA01377FB2FFB2C7F10B0676B2B3
:10783800324629462046FEF7B7FA2E2813D15FFABA
:1078480085F808F1FF31324649B22046FEF7ACFA16
:107858007C2808D108F10101324649B22046FEF7DA
:10786800A3FA7C28D8D001356DB2062D07DC202379
:10787800112229462046FEF778FA0127A5E70027B6
:1078880025E02023424629462046FEF76EFA0136B7
:1078980076B2F6B2B51D6DB2424629462046FEF7CD
:1078A80083FA2E2811D1C7F1100252B22946204678
:1078B800FEF77AFA7C2808D1C7F1120252B229469B
:1078C8002046FEF771FA7C28DBD001377FB2062FFD
:1078D8000CDCFFB2C7F111084FFA88F820234246A2
:1078E80006212046FEF741FA0126D2E705B0BDE899
:1078F800F08F00BF2899010830B5ADF6541D0C462D
:107908000546A8B140F64C12002101A8FAF798F8EC
:1079180004B90B4C019401A8FFF786FD01A8FFF7F5
:10792800BBFD294601A8FEF78FFB0DF6541D30BD9F
:10793800044A40F2C471044806F010FEE2E700BFB2
:1079480067452301DC5701085457010810B582B078
:107958000191044640B1002201992046FBF7B4FB8F
:107968000023A37102B010BD024A1221024806F09A
:10797800F5FDF0E7EC5701080458010838B50C4646
:10798800054610B104B1AC7138BD034A1B21034848
:1079980006F0E4FDF6E700BFEC57010804580108BB
:1079A80070B582B00C461546064640B16CB12A4601
:1079B80021463046FBF7A2FB68B902B070BD0E4AFB
:1079C80027210E4806F0CAFDF0E70D4A28210B488A
:1079D80006F0C4FDEBE73046FBF7E6FB00902946CE
:1079E80001F090F801460190204601F047F880F038
:1079F8000100C0B2E1E700BF54580108045801086B
:107A08002852010838B50C46054680B1ACB1AA79B0
:107A180021462846FFF7C4FFA8B92846FBF7E0FB34
:107A2800024621462846FFF7BBFF90B938BD0D4AEC
:107A380034210D4806F092FDE8E70C4A35210A4842
:107A480006F08CFDE3E7AA7921462846FBF77EFB82
:107A5800ECE72846FBF7C4FB024621462846FBF71D
:107A680075FBE3E7EC5701080458010828520108A0
:107A780038B50C46054640B16CB1AA79214628466E
:107A8800FFF78EFF68B1002038BD0C4A4A210C4828
:107A980006F064FDF0E70B4A4B21094806F05EFD4D
:107AA800EBE72846FBF79CFB024621462846FFF7F2
:107AB80077FF08B90120E7E70020E5E754580108F7
:107AC800045801082852010810B582B0044670B164
:107AD8002046FBF769FB01900020BDF8043063F3F2
:107AE8000F00BDF8063063F31F4002B010BD034A13
:107AF8005621034806F032FDEAE700BF5458010852
:107B08000458010810B5044618B12046FBF768FB75
:107B180010BD034A5D21034806F020FDF5E700BFCC
:107B2800545801080458010882B00190BDF8063085
:107B3800C3EBC303980080B2BDF80430184480B288
:107B480002B0704730B1431E42F6E862024802FBB9
:107B58000300704701487047BC5600200000002809
:107B6800074900EB40034FEA830C01EB8303002233
:107B780001F80C205A601A725A729A72DA727047B7
:107B88007C560020154B00221A70154B1B7893B9B0
:107B9800144B1B7A2BB1144A1370144B1A78144BDC
:107BA8009A71124B1B78134A1278934212D3124BD4
:107BB80001221A7070470E4B0122DA710A4B1B78AA
:107BC80023B9084B1B7A0BB1074A13700A4B0122E1
:107BD8001A7070470133054A1370704776560020B3
:107BE800AC5600207C5600207456002078560020A1
:107BF800B0560020775600207556002008B5144B63
:107C08001B780BB3013BDBB2114A137003EB430142
:107C1800104A02EB8102927A2AB10E4A02EB8102E3
:107C2800526882420FDA0B4903EB430201EB8202EE
:107C38004FF0010C82F80AC05060527A03EB4303FC
:107C480001EB83010A7208BDFFF79CFFFBE700BF49
:107C5800795600207C560020F0B583B0FCF792F9E5
:107C6800064600F061FE244B1B7883F001034FF4B5
:107C78005972224F02FB0377214B1B88834238D06D
:107C8800204B1B78002B34D11D4B188000231E4A33
:107C980013801E4A13801B4A0121117003E0402201
:107CA800FA5401339BB2B3F5597FF8D300251CE091
:107CB800013424B21B2C16DCADF80440ADF8065094
:107CC8000199304600F0D4FD0028F1D00198FFF763
:107CD8002BFF00233B540D4A13880D4921F813004C
:107CE80001331380E4E701352DB21E2D01DC002499
:107CF800E0E703B0F0BD00BFAA4F0020AC4F002062
:107D08006C000020A44F0020A84F0020A64F0020A0
:107D1800483B00202DE9F04F85B08B46FCF732F93F
:107D2800334B1B7883F001034FF45971314A01FB3F
:107D38000328314B1B78002B56D0824600272F4B47
:107D48001B882F4A1288934244D25F4542D22D4A5B
:107D580032F8132018F80290013328490B800137B4
:107D6800BFB293082849A1FB0313C3EBC301A2EBDD
:107D78008102ADF80420ADF80630B9F13E0FDED827
:107D8800002401E00134E4B2032CD8D81F4B195D5C
:107D9800019800F0B7FE039000F00AFD0546029036
:107DA800FFF7C2FE06462946504600F021FD00288E
:107DB800E8D018F8062009F10103DBB29A42E1D9AC
:107DC80008F806300E4A13880E4921F8136001336B
:107DD8001380D7E7934207D3054A137883F001034A
:107DE8001370054B00221A7005B0BDE8F08F00BF74
:107DF800AA4F0020AC4F0020A44F0020A84F00201D
:107E0800A64F0020483B002025499224809901086C
:107E1800F8B50746FCF7B6F806460024254601E003
:107E28000134E4B2032C0CD8084B1A5D314607F52F
:107E3800A4501630FFF7B4FD0028F1D00135EDB29B
:107E4800EEE7022D94BF00200120F8BD80990108BB
:107E58002DE9F04F8DB005468A46FCF793F8834626
:107E68002846FCF779FA0A9014238AF800308AF831
:107E7800013000248AF80240009403E001230093B3
:107E88000134E4B2032C19D80CAB03EB8406214669
:107E98002846FCF7F5F946F8180C21462846FCF761
:107EA80021FA04F130036B4403F81C0C009B002BEF
:107EB800E4D108B10123E2E70023E0E7002401E070
:107EC8000134E4B2032C0FD84E4B1A5D594605F520
:107ED800A4501630FFF764FD0028F1D09AF802305C
:107EE80001338AF80230EBE7474B1C880134A4B20F
:107EF8001C800A98FFF718FE444B23F8104000270F
:107F0800434B1F54434B18800123019399462CE09F
:107F18009AF80020424502D98AF80080019301347A
:107F2800E4B2032C19D80CAB03EB840353F8181CE8
:107F3800039800F038FE0028F1D004F130036B44B8
:107F480013F81C3C002BE3D09AF801304345E6D9DE
:107F58008AF8018000230093E1E7019B13B9009B95
:107F6800002B4BD0B8F1120F46D94F4546D22F2FD0
:107F780044D8284B33F81720254B13F802800137D3
:107F8800BFB293082449A1FB0313C3EBC301A2EBBF
:107F98008102ADF80C20ADF80E300024C1E70134A1
:107FA800E4B2032CE1D8174B195D039800F0AAFD41
:107FB8000B9000F0FDFB06460490FFF7B5FD054663
:107FC8003146584600F014FC0028E8D00F4B33F82F
:107FD80015200D4B1B889A42E1D00C4A22F8153027
:107FE80008F101030A4A53550A4B23F8195009F1BD
:107FF80001091FFA89F9D2E70024D2E70DB0BDE8DC
:10800800F08F00BF80990108D8480020DC48002084
:10801800E437002010420020254992242DE9F04140
:1080280082B006460C46FCF7B7F980462046FCF7B6
:10803800B3F9A8EB00082046FCF7C2F9074630461A
:10804800FCF7BEF93F1A69463046FFF701FF174DA6
:108058002C6808FB04F46B6807FB13449DF8003098
:10806800AA6802FB03449DF80130C3F11403EA68CF
:1080780002FB03440E4B1F783046FCF76DF9019064
:10808800FFF752FD0B4B4FF4597202FB07331B5C91
:10809800C3F140032A6902FB03449DF80230686972
:1080A80000FB034002B0BDE8F08100BF540000208F
:1080B800AA4F0020AC4F00202DE9F04182B00446C1
:1080C8000D46FCF77DF907462046FCF745F9019077
:1080D80029462046FBF766FF0026354611E0009B3F
:1080E80001930135ADB2204A5388013353802046AD
:1080F800FCF766F9B84232D12046FFF789FE70BB1B
:108108000026172D2BD8194B1B8843B32046FCF7A4
:108118000FF9012823D110212046FBF761FF134AEC
:108128001388013B1380104A1388013313800136EA
:108138002046FCF711F90090019900F034FD002861
:10814800CDD004F5A45808F116082046FBF71AFF0D
:1081580001464046FFF78CFC08B91F2ED1D92846A6
:1081680002B0BDE8F08100BFB0560020B85600202C
:108178002DE9F84F064616E0654B01221A700020DB
:10818800644B1870644B1870FFF7EAFC14E0634BFB
:108198001B8813B95F4B01221A7061492846FFF703
:1081A8003DFFFFF72BFD5F4B1B78002B40F0AC80A9
:1081B800574B1B78002BDFD0574B1C782046FFF716
:1081C800C1FC054604EB4402574B03EB8203DB7A00
:1081D80083B9554B03EB82030122DA72534B1B78A8
:1081E8009C42D4D24D4B1B88002BD0D0FCF7A0F872
:1081F8000128CCD104EB44034B4A12F82330032B5B
:1082080012D904EB4402484B03EB82039B7A33B147
:10821800454B03EB82046068FFF7F0FCC3E7404975
:108228002846FFF7FBFEF7E7414AD75C2846FBF7ED
:10823800A9FE01463A4605F5A4501630FFF7B0FBF3
:108248000346002849D0354A1288002A50D0002E0B
:108258005BD0354A04EB440112F82130013302F8AF
:108268002130DFF8B4A09AF8000042F6E869DFF898
:10827800C880294609FB0080FBF780FD9AF80000BA
:1082880009FB0080FBF7B4FDDFF890B0BBF80050A5
:108298009AF80000394609FB0080FFF70DFFBBF88C
:1082A8000030EA1A92B296422CD95B1B33449EB234
:1082B80000283FF478AF1F4A93880133938004EB7A
:1082C8004404194B03EB84035F72134B1878013095
:1082D800C0B21870FFF744FC65E7134A04EB440387
:1082E80012F8233004EB4404013302F824305AE72F
:1082F800084B01221A7004EB44040B4B042203F8C8
:10830800242050E70026D3E700231846BDE8F88F5D
:1083180076560020AC56002079560020B85600202A
:1083280000000028755600207C5600207856002052
:1083380080990108B0560020BC56002070B50C4644
:108348001546064650B3002C2FD0032C34D8002DE8
:1083580039D0204A0023136053601F4A13701F4A04
:1083680015801F4A14701F4A012111701E4A13708C
:108378001E4A13703046FBF7DBFF013818BF012097
:108388001B4B18701B4C31462046FBF7F7FC304658
:10839800FFF762FC2046FBF72BFD70BD164A40F242
:1083A8002731164806F0DAF8CDE7154A4FF44A7136
:1083B800124806F0D3F8C8E7124A40F229310F48AC
:1083C80006F0CCF8C3E7104A40F22A310B4806F011
:1083D800C5F8BEE7B056002074560020B8560020F5
:1083E800775600207856002076560020AC5600209C
:1083F8007556002000000028D45301086858010869
:10840800CC580108DC5801080459010810B5044685
:1084180038B140210648FFF77DFC2046FFF7A8FE4B
:1084280010BD044A40F24F31034806F097F8F0E7D0
:1084380000000028185901086858010870B50F484D
:10844800FBF776FF012813D10D4B1D788DB92C460B
:10845800032C0ED80948FBF795FD0146094B1E5D14
:1084680032460948FFF79CFA28B90134E4B2EFE72D
:108478000025284670BD3546FBE700BF00000028F0
:1084880074560020809901089614002810B50446F7
:1084980020B1064B03CB2060616010BD044A40F256
:1084A8007531044806F05AF8F3E700BFB0560020CB
:1084B8002C5901086858010810B5044648B1A4466B
:1084C800074C0FCCACE80F0094E803008CE80300DD
:1084D80010BD044A40F28531034806F03FF8EEE744
:1084E80068990108405901086858010810B548B151
:1084F8008446064CBCE80F000FC49CE8030084E8DF
:10850800030010BD0148FFF7D7FFFAE75400002029
:1085180090FBF1F301FB130318B2002800DB70474E
:10852800581800B2FBE700002DE9F04383B08846F5
:10853800054668B1B8F1000F10D005F58053002743
:10854800A3F8F470A3F8F870A3F8FA703C468EE02C
:10855800594A6D21594806F001F8EBE7584A6E214F
:10856800564805F0FBFFE8E7564A7821534805F0DE
:10857800F5FF83E04FF0000E03E0482A1FD14FF0CB
:10858800010EC1EBC10005EB8000604480F8C8E62D
:108598002E2A17D06F2A52D0502A60D0A2F130016B
:1085A800C9B2032918D802F20E4205EB82020198DB
:1085B80050600137FFB20FE04FF0010EE1E74FF0D6
:1085C800000EDEE7012280F8902D05F58051B1F804
:1085D800F4200132A1F8F42001331BB21B2B44DC38
:1085E800F25CADF80430ADF8064021469C46232ADB
:1085F80014BF4FF000094FF00109C4EBC40005EBAC
:10860800800000EB030E00F80390542A14BF0020EA
:1086180001208EF86403442A0CBF012000208EF844
:108628002C0A4FF000008EF8900DC5D0A5D8A2F105
:108638003100C0B202289DD84FF0010EA1E7C1EB6E
:10864800C10105EB81016144022281F8902D05F5F5
:108658008051B1F8F4200132A1F8F420BCE705F507
:1086680080520198C2F8F800B6E7013424B21E2CF3
:1086780006DC58F82460002E3FF476AF0023ADE7FF
:10868800042F0DD105F58053B3F8F43073B105F517
:108698008055B5F8F430A5F8F63003B0BDE8F0839E
:1086A800094AA621054805F059FFEBE7074AA72123
:1086B800024805F053FFEAE7545901086C590108CC
:1086C800C4590108D4590108E0590108085A010899
:1086D80010B5044620B105492046FFF725FF10BD17
:1086E800034AB221034805F039FFF4E794990108D9
:1086F800545901086C59010810B5044608B1002105
:108708001CE0114AB921114805F028FFF7E7104A83
:1087180052F82120D05CC1EBC10201EB8202224455
:10872800D05401331BB21B2BF1DDC1EBC10301EBAC
:108738008303234400221A77013109B21E2901DC80
:108748000023F0E710BD00BFDC5701086C59010891
:108758009499010830B5A1B00C46054610B13CB15A
:10876800002317E00F4ACA210F4805F0F7FEF6E785
:108778000E4ACB210C4805F0F1FEF1E7C3EBC3022A
:1087880003EB8202224420A901EB830040F87C2CF1
:1087980001331BB21E2BF1DD01A92846FFF7C4FEE9
:1087A80021B030BD545901086C59010830550108F1
:1087B80000B585B001901C21BDF90400FFF7A8FEA3
:1087C800ADF808001F21BDF90600FFF7A1FEADF8BE
:1087D8000A00029B03930020BDF80C3063F30F00DE
:1087E800BDF80E3063F31F4005B05DF804FB0000D0
:1087F80010B584B0044601910846FFF7D9FF0390ED
:1088080064B1BDF90E30BDF90C20C3EBC30304EB12
:108818008304A05C80F0010004B010BD024AE3218B
:10882800024805F09BFEECE7285201086C59010844
:1088380010B584B0044601910846FFF7B9FF0390CC
:1088480064B1BDF90E30BDF90C20C3EBC30304EBD2
:108858008304144494F8640304B010BD024AEC2164
:10886800024805F07BFEECE7285201086C59010824
:1088780010B584B0044601910846FFF799FF0390AC
:1088880064B1BDF90E30BDF90C20C3EBC30304EB92
:108898008304144494F8900D04B010BD024AF521E5
:1088A800024805F05BFEECE7285201086C59010804
:1088B80030B585B0044601910846FFF779FF03906B
:1088C800F4B1BDF90E30BDF90C10C3EBC30204EBD3
:1088D80082020A4492F8905D7DB11346002283F823
:1088E800902D04F58053B3F8F4307BB104F580542F
:1088F800B4F8F430013BA4F8F430284605B030BD94
:10890800064AFF21064805F029FEDAE7054A4FF432
:108918008571034805F022FEE8E700BF54590108B5
:108928006C590108085A010810B5044620B104F52D
:108938008054B4F8F40010BD034A4FF48971034819
:1089480005F00CFEF3E700BF285201086C59010836
:1089580008B5FFF7E9FFB0FA80F0400908BD00004C
:1089680010B582B0044678B104F58054D4F8F80004
:1089780001900020BDF8043063F30F00BDF8063005
:1089880063F31F4002B010BD034A40F225110348AB
:1089980005F0E4FDE8E700BF285201086C5901081A
:1089A80030B583B00C46054690B1032C17D804F2B5
:1089B8003E4405EB8405686801900020BDF804304A
:1089C80063F30F00BDF8063063F31F4003B030BDFA
:1089D800064A4FF49671064805F0C0FDE5E7054ADA
:1089E80040F22D11024805F0B9FDE0E728520108D0
:1089F8006C590108385A010810B582B0044678B19C
:108A080004F58054D4F8FC0001900020BDF804302F
:108A180063F30F00BDF8063063F31F4002B010BDCA
:108A2800034A4FF49A71034805F098FDE8E700BF40
:108A3800285201086C59010810B584B00446019108
:108A48000846FFF7B5FE039064B1BDF90E30BDF9D5
:108A58000C20C3EBC30304EB8304144494F8C80646
:108A680004B010BD034A4FF4A071034805F076FD29
:108A7800EBE700BF285201086C59010810B584B013
:108A8800044601910846FFF793FE039064B1BDF9CF
:108A98000E30BDF90C20C3EBC30304EB830414446C
:108AA80094F82C0A04B010BD034A40F24911034857
:108AB80005F054FDEBE700BF285201086C59010886
:108AC80010B582B0044603280ED80B4B53F8243057
:108AD80001930020BDF8043063F30F00BDF80630A1
:108AE80063F31F4002B010BD044A40F2631104480A
:108AF80005F034FDE9E700BF849901085C5A0108D4
:108B08006C59010800B585B00190029004292BD852
:108B1800DFE801F0080318241E00BDF80A30013B05
:108B2800ADF80A300298FFF743FE03900020BDF825
:108B38000C3063F30F00BDF80E3063F31F4005B02F
:108B48005DF804FBBDF80A300133ADF80A30E9E7F7
:108B5800BDF80830013BADF80830E3E7BDF8083050
:108B68000133ADF80830DDE7034A40F273110348DA
:108B780005F0F4FCD6E700BF285601086C59010837
:108B880082B001900091BDF90400BDF90030C01A0F
:108B9800BDF90630BDF902209B1A03FB03F300FB65
:108BA800003002B0704782B001900091BDF90420F6
:108BB800BDF900309A4202D0002002B07047BDF9DA
:108BC8000620BDF902309A4201D00020F5E70120C5
:108BD800F3E7000008B504280AD8DFE800F004032A
:108BE80011070500022008BD0320FCE70420FAE76E
:108BF800044A40F28F11044805F0B0FC0020F2E767
:108C08000120F0E7285601086C5901088842A8BFDE
:108C1800084670478842B8BF0846704790F8063241
:108C28001BB170B50546002617E07047B5F800126D
:108C38002144B5F80222324404EB061335F8133008
:108C480012B209B2084802F053F80134E4B295F8B8
:108C58000432A342EAD80136F6B295F80532B34297
:108C680001D90024F3E770BDA0ED00202DE9F843F9
:108C78000746894690461E461B78102B11D87378F4
:108C8800102B14D8A7F80092A7F80282337887F837
:108C98000432737887F80532012387F806320025F5
:108CA80020E0144A5321144805F058FCE7E7134A1A
:108CB8005421114805F052FCE4E704EB090105EBE7
:108CC800080212B209B20E4802F02EF804EB05139E
:108CD80027F813000134E4B296F800C0A445ECD894
:108CE8000135EDB27378AB4201D90024F4E7BDE851
:108CF800F88300BF9C5C0108C85C0108185D010886
:108D0800A0ED00202DE9F0410546407800F0D8FE9E
:108D18008046002617E0B8F804300F4801F0E8FF55
:108D28000134E4B2072C0CD88023E340698821443D
:108D380009B2AA88324412B23B42ECD0B8F80230E9
:108D4800EBE70136F6B2072E03D8AB199F7900245A
:108D5800E8E7BDE8F08100BFA0ED002030B583B0A2
:108D680004460378032B12D0807900F06FFE054685
:108D7800607800F0A5FE0246B4F904300093B4F917
:108D880002302946034800F0E3FE03B030BDFFF788
:108D9800B9FFFAE7A0ED00202DE9F04383B00546BE
:108DA8000C46914698460021FFF734FF06460021FD
:108DB8002046FFF72FFF074605EB0900F02100B218
:108DC800FFF724FF054644444FF4A07120B2FFF793
:108DD8001DFFAE4201DA874202DB03B0BDE8F08333
:108DE800AB1BC41B24B200941BB23A46314602485E
:108DF80001F006FCF1E700BFA0ED002008B540F641
:108E0800282200210A48F8F71BFE0021094B197097
:108E1800094801F04BFF094B1B781BB1064801F0CC
:108E2800C5FB08BD054B01221A7001F0A5FBF5E74B
:108E380078E3002075E30020A0ED002074E3002013
:108E48002DE9F04F85B0064610B16F4B1C780EE047
:108E58006E4AAA216E4805F081FBF6E7013C04EB57
:108E680084106C4B03EBC000FFF7D8FEE4B2002C73
:108E7800F4D1254611E0C5EBC50806EB480808F112
:108E88000200FFF76BFF08231A46B8F90610B8F975
:108E98000400FFF781FF0135EDB23378AB4220D9EA
:108EA800C5EBC50306EB43039B78032BE3D0012BEB
:108EB800F1D1C5EBC50806EB480898F8080000F0A2
:108EC800C5FD824608F10200FFF748FF9AF8013015
:108ED8009AF80020B8F90610B8F90400FFF75CFF0B
:108EE800D9E725465CE04C4AE021494805F036FBC5
:108EF80065E0C7EBC70206EB4202B2F90420019213
:108F080072E0C7EBC70306EB4303B3F906300293DD
:108F1800FB000393C7EBC70806EB48085346B8F9AC
:108F28000620B8F904104846FFF7A0FE5846FFF798
:108F380015FFB8F9048041460198FFF767FE83469C
:108F4800039BDB1B06EB4303B3F906703946029813
:108F5800FFF75CFE814641460198FFF75BFE80B251
:108F68001FFA8BF3C01A9AF8003013FA80F01FFA30
:108F780080F839460298FFF74DFE83B21FFA89F24E
:108F88009B1A9AF8012012FA83F31BB20FFA88F29F
:108F980049465846FFF700FF0134E4B20135EDB207
:108FA8003378AB422BD92F46C5EBC50306EB4303F9
:108FB80003F1020B9B78022BF0D1042C93D8A04626
:108FC80004EB8413134A02EBC309C7EBC70306EB90
:108FD8004303187A00F03AFD824699F80632002BCE
:108FE80087D0B9F900220192002B8AD008EB8818A3
:108FF800084B03EBC803B3F90232029388E7024B2C
:109008001C7005B0BDE8F08F75E30020445D0108D1
:10901800C85C010878E30020545D010800487047E7
:10902800A0ED0020032828BF0320C82303FA00F07E
:109038007047D0F848380A7922B132221344C0F870
:10904800483870470A22F9E738B50C46054660B13A
:109058008CB123780C2B14D00D2B22D00B2B24D1C0
:1090680021462846FFF7E5FF38BD134A2E2113484D
:1090780005F074FAECE7124A2F21104805F06EFA51
:10908800E7E795F84C482046FFF7CCFFD5F8483875
:109098000344C5F84838032CE6D8013485F84C4811
:1090A800E2E7002385F84C38DEE7064A4521034805
:1090B80005F054FAD8E700BF745D0108845D010823
:1090C800D45D01082856010830B583B00D46044622
:1090D80000B32DB30023C4F8483884F84C38019401
:1090E800124B0093082304F128021149204601F08D
:1090F8003BFF0B222946204601F070FF0C2229462F
:10910800204601F06BFF0D222946204601F066FF3C
:1091180003B030BD074A5021074805F01FFAD8E7C9
:10912800064A5121044805F019FAD3E7519000087E
:10913800C07F0108E45D0108845D0108F85D01084D
:1091480010B5044618B1204601F07EFF10BD034A51
:109158006021034805F002FAF5E700BFE45D010865
:10916800845D010810B5044610B1D4F8480810BD54
:10917800024A6721024805F0F1F9F6E7105E010896
:10918800845D01087047C0F11E0080007047000030
:10919800034B1B7800EB4300024B53F82000704749
:1091A800AA450320289A010800EB00104000B030BF
:1091B80070470000064B1B78012B01D00020704738
:1091C800044B1B780BB1002070470120704700BF8B
:1091D800AA450320AC4503200E4B187040B1012866
:1091E80010D00D4B1B7893B101220C4B1A7003E081
:1091F8000B4B1A78094B1A7000230A4A13700A4A53
:1092080013707047094B1A78044B1A70F4E7002260
:10921800EBE700BFAA450320A8450320A945032082
:10922800AC450320A1450320A2450320AB450320FC
:1092380010B50C46074B1870074B00221A700748E8
:1092480002F066FA04B910BD054A2146034802F047
:1092580025FAF8E7C8450320B5450320B84503209B
:109268008D91000838B50024254601E00134E4B2A8
:10927800012C09D82046FFF78BFFF8F793F9C0B205
:109288008542F3D20546F1E72846FFF77CFF38BD53
:1092980008B5FFF7E7FF80B2183800B208BD0378B9
:1092A80003B9704710B50446FFF7CAFD00232370C1
:1092B80010BDF8B504460F4616461D460378072B21
:1092C80014D82078C0EBC00C04EB4C0C01238CF8AC
:1092D80002308CF808708CF80360ACF80450BDF9C3
:1092E8001820ACF8062001302070F8BDFFF7D7FF32
:1092F800E7E72DE9F04182B080460C4617461E4646
:1093080000250BE000F0B8FB0146009723460B222E
:109318004046FFF7CEFF083424B20135705D0028BF
:10932800F0D102B0BDE8F08170B505460E4614468E
:109338001046F8F737F9C0B2FFF725FF0146234674
:1093480032462846FFF7D5FF70BD000010B5044629
:10935800064A3821FFF7E8FFFFF72CFF00B910BDD8
:10936800034A38212046FFF7DFFFF8E7245E0108AB
:10937800305E0108F8B50646FFF774FF074600247B
:1093880013E02046FFF710FF0546094A014630461C
:10939800FFF7CAFF2046FFF7FBFE03462A46394679
:1093A8003046FFF7A6FF0134E4B2012CE9D9F8BD35
:1093B800F8920108F0B583B007460E4600240DE088
:1093C80004EB4403DB0000964033064A125D064D69
:1093D800295D3846FFF76DFF0134E4B2042CEFD95C
:1093E80003B0F0BD409A0108109A010810B5044670
:1093F800044A1021FFF798FF20212046FFF7DAFFE3
:1094080010BD00BF3C5E01082DE9F04782B08246DE
:10941800894690469DF8286000251EE0741B013C93
:1094280009EBC40424B20F4AA2FB032C4FEADC0C5C
:1094380067460CEB8C0CA3EB4C0C0CF13000C0B263
:1094480000F01AFB0146CDF8008023460B22504657
:10945800FFF72FFF3B460135EDB2B542DED302B030
:10946800BDE8F087CDCCCCCC00B59FB072220021EE
:1094780001A8F8F7E5FA01A8FFF7B8FF01A8FFF778
:109488000EFF1FB05DF804FB10B5124B1C7854B1E9
:10949800104B1B786BB1104802F064F90446A0B178
:1094A8000024204610BD0C4802F05CF90028EFD0DB
:1094B800F7E70124074B1C70FFF7D6FF074A4FF464
:1094C8004871054802F0EAF8EBE700210120FFF7B0
:1094D800AFFEE6E7B4450320B84503208D910008A8
:1094E80070B504460E4615460378072B0FD8237827
:1094F800C3EBC30004EB4000022282700522027213
:109508000022C2708680C5800133237070BDFFF7CA
:10951800C6FEECE710B5A0B07222002103A8F8F748
:109528008FFAFBF799F80446FFF768FC03A8FFF7E2
:109538005DFF032C18D0104A782103A8FFF7F4FE2A
:109548000720FFF720FE0146072300930B4B1B68FB
:10955800982203A8FFF758FF094B1B7833B903A8D3
:10956800FFF79DFE20B010BD064AE5E7064AB82180
:1095780003A8FFF7D9FEF2E74C5E0108B0450320C7
:10958800AD450320445E0108585E01082DE9F0410D
:1095980082B00746FFF70EFE8046002407E0174B0F
:1095A800324601463846FFF7A4FE0134E4B2022CE5
:1095B80020D80A20FFF7E7FD0546661D3601B8F1F9
:1095C800000FECD001230093E318324601463846D9
:1095D800FFF71AFF1835ADB22146094B1878FCF78A
:1095E800EDF9034607220092324629B23846FFF7C2
:1095F8000BFFDAE702B0BDE8F08100BF245E010886
:10960800A945032010B59EB07222002101A8F8F7E1
:1096180017FA164B1B78DBB101A8FFF7B7FF01A8B3
:10962800FFF73DFEFFF734FE0446114B1878FFF7AD
:10963800BBFD82B2043A12B2214601A8FFF750FFDF
:1096480001A8FFF72CFE0B4B01221A701EB010BDAB
:1096580001A8FFF77BFE01A8FFF78CFE01A8FFF722
:109668001EFE024B01221A70D6E700BFA145032057
:10967800A9450320A245032000B59FB0722200210E
:1096880001A8F8F7DDF9FFF7B9FB01A8FFF7AEFE6F
:1096980001A8FFF704FE044B00221A70FFF7B2FF7F
:1096A8001FB05DF804FB00BFA145032008B5FAF719
:1096B800DBFF0A4B18600A4B1B7843B10020094BAB
:1096C80018704FF4FA610320FFF7B2FD08BD014698
:1096D800054B1878FCF74AF9F1E700BFB0450320BD
:1096E800A0450320AD450320AB45032008B5FAF794
:1096F800F1FE0F4B1B78012B0ED0FAF727FF0D4B0D
:1097080000221A700C4B1B78012B0AD00021022072
:10971800FFF78EFD012008BD00F008FDFAF706FFEF
:10972800EDE70120FAF72EFF024B01221A70EDE750
:10973800AB450320A0450320AC45032010B5002409
:109748000E4B1C700E4B1C600E4B1C700E4B1C708D
:109758000E4B1C700E4B1C700E4B1C700E4B1C706D
:109768000E4B1C700E4B1C60FFF748FB0D4801F0B8
:1097780053FFC8212046FFF75BFD10BDB445032009
:10978800B0450320AD450320AC450320AB4503207D
:10979800AA450320A9450320A2450320A845032084
:1097A800A4450320B845032010B52A4B1B78032B8A
:1097B80045D8DFE803F002071721FFF765FE0446E6
:1097C800204610BD244B1C7824B1244B1B7833B1A0
:1097D8000024F5E701241C70FFF74EFFF0E7FFF7C0
:1097E80011FFEDE7FAF7F4FE0446FAF735FF012812
:1097F800E6D0FFF75BFFE3E7174B1B782BB9012493
:10980800154B1C70FFF786FEDAE7154801F0AAFF32
:109818000446E0B9134B1B781BB1134B1B78012B83
:1098280004D000210120FFF703FDC9E7FFF75EFF21
:109838000028F6D00D4A136801331360C0E70C4ABC
:1098480040F2CA210B4804F089FE0024B8E700243E
:10985800B6E700BFC8450320B5450320A24503204D
:10986800B8450320A8450320AC450320A4450320A0
:1098780028560108685E010808B5154B1B78012BAE
:1098880002D0032B1CD008BD124B1B7883B1012BCF
:1098980003D1114B1B78012B0ED0104B01221A60FB
:1098A800FFF724FF0028EED10C4B00221A60EAE7EC
:1098B8000120FFF791FCE6E70220FFF78DFCE2E7C5
:1098C8000020FFF789FC00210120FFF7B1FCDAE74F
:1098D800C8450320AA450320AC450320A44503201E
:1098E80008B5044B1B78022B00D008BDFAF73CFEE4
:1098F800FBE700BFC845032008B5084B1B78012BC0
:109908000AD1074B187808B9002006E00138C0B220
:10991800FFF762FC012000E0002008BDC8450320D5
:10992800AA45032008B51D4B1B78012B34D1042808
:109938001BD0431EDBB2012B2ED8012818D00228D9
:109948002AD1174B187838BB0130C0B2144B1870A5
:10995800144B1B789BB1012B19D0003818BF01207C
:10996800114B1870FAF724FE13E0FFF7C5FF13E058
:109978000B4B1B78002BE2D0581EC0B2E6E70B4B0E
:10998800187030B9084B1870FAF712FE01E0084B4E
:109998001870084B00221A7008BD00BFC845032084
:1099A800A9450320AA450320A8450320AC45032068
:1099B800AB450320A2450320014B1878704700BF30
:1099C800AC450320014B1878704700BFAA45032017
:1099D800044B1A78044B1B7803EB4203034A52F8F2
:1099E80023007047AC450320AB450320189A0108B3
:1099F80008B5FFF781FF00B108BDFFF73DFFFBE7A2
:109A0800014B1878704700BFA0450320014B187818
:109A1800704700BFA8450320014B1868704700BF76
:109A2800A4450320014B1878704700BFC8450320A0
:109A3800022804D0042804D0012804D17047032048
:109A480070470220704700207047000010B5044698
:109A58003C2803D8054800EBC40010BD044A40F276
:109A68000341044804F07AFDF4E700BFB09A010806
:109A78001C5F0108385F010808B5392807D8302865
:109A88000DD2202816D02D280CD13C2009E0A0F1B9
:109A98004103DBB2192B05D81F38C0B201E01838D2
:109AA800C0B208BD044A40F21941044804F056FD0A
:109AB8001720F6E71720F4E7905F0108385F0108E0
:109AC80010B504460C2803D8054800EBC40010BDA7
:109AD800044A4FF48461044804F040FDF4E700BFF1
:109AE800489A0108A45F0108385F010810B5CC093D
:109AF800FFF79EFF4000C0B22044C0B20930C0B298
:109B080010BD10F0800F01D111207047122070474E
:109B180010B50C46FFF78CFF3F2C09D984F0800460
:109B28003F2C02D90130C0B210BD0530C0B2FBE7EE
:109B38000020F9E7322805D0332805D0312805D18F
:109B480001207047022070470320704700207047AB
:109B58002DE9F84F0D4690469946BDF928B0824642
:109B680038B165B16B6883B1B8F1000F13D0002626
:109B780035E0214A2621214804F0F0FCF1E7204A8B
:109B880027211E4804F0EAFCECE71E4A28211B485E
:109B980004F0E4FCE8E71C4A2921184804F0DEFC3C
:109BA800E5E71A4A2F21154804F0D8FC1FE00134D4
:109BB800E4B22B78A34210D9385DFFF7BBFF002829
:109BC800F5D004EB090106EB0B0238F8103012B29D
:109BD80009B2504601F08CF8E9E70136F6B26B7825
:109BE800B34206D96B6853F82670002FD9D00024E9
:109BF800DFE7BDE8F88F00BF6866010884660108E2
:109C0800DC660108F0660108086701081C6701089E
:109C180010B50446124B1B7853B17CB10A2C13D8EB
:109C2800104B53F83430ABB10E4800EBC40010BDF4
:109C38000D4A28210D4804F091FCEEE70C4A292131
:109C48000A4804F08BFCE9E70A4A2A21074804F08D
:109C580085FCE5E7084A2B21044804F07FFCE3E78C
:109C6800C9450320B8A601082C6701084067010808
:109C780094670108B0670108CC67010808B5064B6E
:109C88001B781BB9044B01221A7008BD034A362100
:109C9800034804F063FCF5E7C9450320EC670108B5
:109CA8004067010810B50C46FFF7B2FF012C14BF3E
:109CB800002201228188006809F01CF910BD08B54E
:109CC800FFF7A6FF8188006809F0FCF8012814BF97
:109CD8000020012008BD00000048704700E0070888
:109CE80008B5FFF7F9FF00F178400A4BB3F8A03048
:109CF8004FF6FF72934202D04BB15B0201E04FF482
:109D08008023B0FBF3F203FB1200400B08BD4FF4B5
:109D18008023F6E70007FA0B08B5FFF7DDFF00F12F
:109D280078400A4BB3F8A0304FF6FF72934202D046
:109D38003BB15B0201E04FF48023984204D201203A
:109D480008BD4FF48023F8E70220F9E70007FA0B73
:109D580008B509F083F908BD00B587B00023029360
:109D6800039304930593019302230293FFF7D4FF0F
:109D78000390FFF7B5FF04900123059301A902A8FA
:109D880008F0FAFDB0FA80F0400907B05DF804FB6E
:109D980008B509F093F909F051F908BD08B50A4B5F
:109DA800FF2B05D9FFF798FFC0F30C0030B908BDA9
:109DB800064A5321064804F0D1FBF3E7054A55212A
:109DC800034804F0CBFBF2E7002000000868010814
:109DD800446801089C68010838B50C46054650B12E
:109DE800B4F5807F0DD1FFF777FF0146224628465C
:109DF800F7F7F6FF38BD064A5A21064804F0AEFBCD
:109E0800EEE7054A5B21034804F0A8FBEBE700BF37
:109E1800D068010844680108E468010870B50E4676
:109E2800044668B1B6F5807F10D1324621461848FD
:109E3800F7F7D6FF08F0A2FC70B10024204670BDE9
:109E4800144A6821144804F089FBEBE7134A692196
:109E5800114804F083FBE8E7FFF77AFFFFF77CFF80
:109E6800044600250BE0FFF737FF094A2A44411949
:109E7800012008F039FCB0FA80F4640910350CB1FF
:109E8800B542F0D3FFF784FF08F09AFCD6E700BF8D
:109E9800D04503200C69010844680108E4680108FA
:109EA80010B508F06BFC10B10024204610BDFFF778
:109EB8004FFFFFF751FF0446FFF76AFF08F080FCE9
:109EC800F3E7000010B5002410E004EB440293000F
:109ED8000122094911F834100848184400F0FAF929
:109EE8000023074A1355074A13550134042CECD9AB
:109EF800054B01221A7010BD10A70108D046032097
:109F0800144703200C470320194703200F4B1B78E5
:109F180013B110B5002403E070470D4B1A550134F6
:109F2800042C11D804EB44000A4B03EB800000F02A
:109F3800F9F902460028F0D0054B1B5D002BECD147
:109F4800054B01211955E8E710BD00BF194703204B
:109F580014470320D04603200C47032010B50446BD
:109F6800042808D800F0FEF9064B1C5DE4B200F0A6
:109F7800FDF9204610BD044A4D21044804F0EEFACC
:109F8800F0E700BF14470320206901083C69010875
:109F980038B5044604280AD800F0E4F9074B1D5DDB
:109FA800EDB200221A5500F0E1F9284638BD044AFE
:109FB8005D21044804F0D2FAEEE700BF0C47032005
:109FC800206901083C69010810B50446042804D832
:109FD800054B03EBC403586810BD044A6B210448C1
:109FE80004F0BCFAF4E700BF10A7010820690108D3
:109FF8003C69010838B50C46054638B1402C0BD1F0
:10A00800224629460748F7F7EBFE38BD064A2421C1
:10A01800064804F0A3FAF1E7054A2521034804F0AD
:10A028009DFAEDE72C8D0320B8690108CC69010879
:10A03800246A010838B50C46054638B1402C0BD1C6
:10A04800224608492846F7F7CBFE38BD064A2C2198
:10A05800064804F083FAF1E7054A2D21034804F085
:10A068007DFAEDE72C8D0320506A0108CC690108C0
:10A07800246A01080023064A934204D802680A4267
:10A0880003D10133F7E7002070470120704700BF74
:10A098009F86010000B583B01D4B00221A701D4831
:10A0A800036843F4805303604FF40051FFF7E2FF65
:10A0B80010B903B05DF804FB164BD3F8E42022F482
:10A0C8004052C3F8E420D3F88C2042F48022C3F82D
:10A0D8008C20D3F88C3003F480230193019B0E4A23
:10A0E800136843F00403136001210C48FFF7C2FF13
:10A0F8000028DED0084B5B6813F0060F05D1064B2D
:10A108009B68034B01221A70D3E70020D1E700BFF8
:10A118001A470320000C024600080C4204080C42AF
:10A12800014B1878704700BF1A47032008B5074B42
:10A138001B780BB9002008BD01210548FFF79AFFDD
:10A1480010B1044B9868F6E70020F4E71A4703209B
:10A1580004080C4200080C4210B5044608B9204611
:10A1680010BDFFF7E3FFB0FBF4F304FB1304F6E7BD
:10A1780008B5064B1B781BB9044B01221A7008BDA1
:10A18800034A2321034804F0E9F9F5E71B470320B4
:10A19800EC670108646A010838B505460C46144B9B
:10A1A8001B7863B18DB1B4B1B4F5803F19D24FF4C7
:10A1B800FA73A2B229460F4809F0E0F838BD0E4AF2
:10A1C8002A210E4804F0CAF9ECE70D4A2B210B4866
:10A1D80004F0C4F9E7E70B4A2C21084804F0BEF95B
:10A1E800E2E7094A2D21054804F0B8F9DFE700BF86
:10A1F8001B470320040200202C670108646A010839
:10A20800B86A0108C86A0108D86A010870B582B03E
:10A2180005460E461446194B1B7883B1ADB1D6B12D
:10A22800FCB1B4F5803F22D24FF4FA730093A3B285
:10A2380032462946124809F0B5FA02B070BD114AF3
:10A248003421114804F08AF9E8E7104A35210E480C
:10A2580004F084F9E3E70E4A36210B4804F07EF94E
:10A26800DEE70C4A3721084804F078F9D9E70A4AAA
:10A278003821054804F072F9D6E700BF1B470320D0
:10A28800040200202C670108646A0108F86A0108C2
:10A298000C6B0108C86A0108D86A010810B50446A1
:10A2A80050B12078FFF70BFD0346012814BF0020AA
:10A2B8000120627832B910BD044A1921044804F01B
:10A2C8004DF9EEE7581E18BF0120F4E7206B01088E
:10A2D800346B010870B50C461646054640B16CB1A2
:10A2E8000A2C11D82C706E7000236B602B7270BD15
:10A2F800084A2B21084804F031F9F0E7074A2C21D5
:10A30800054804F02BF9EBE7054A2D21024804F033
:10A3180025F9E7E7846B0108346B010894670108A5
:10A32800B067010838B5054668B168684400284632
:10A33800FFF7B4FF20436860B0F1FF3F09D050B980
:10A3480000232B7207E0054A3821054804F006F976
:10A35800EBE701232B72287A38BD00BF846B010814
:10A36800346B0108EFF3108072B6704780F31088E1
:10A378007047000008B5084B1B7833B9074B00221B
:10A388001A60054B01221A7008BD054A17210548B5
:10A3980004F0E4F8F2E700BF1C470320204703203D
:10A3A800EC6701089C6B010808B504F027FB08BDA1
:10A3B80010B504460D4B1B785BB184B10C4B1B6880
:10A3C80023B10C4A26210C4804F0C8F8084B1C603D
:10A3D80010BD0A4A2421084804F0C0F8EDE7084AED
:10A3E8002521054804F0BAF8E8E700BF1C47032018
:10A3F80020470320106C01089C6B01082C6701089A
:10A40800F86B010808B5064A1168064B1B780B441F
:10A418001360054B1B6813B1034B1B68984708BDB5
:10A42800288D0320780000202047032008B507481E
:10A438004FF4E133436009F03FFE00B908BD044A18
:10A448002721044804F08AF8F8E700BF94020020A6
:10A458002C6C0108406C010800B583B08DF807002A
:10A468004FF0FF3301220DF10701034809F074FE94
:10A4780003B05DF804FB00BF9402002010B5044649
:10A4880078B10C4B1B68DA6912F0080F01D008226A
:10A498001A62DA6912F0200F09D05B6A2370012072
:10A4A80010BD054A3C21054804F058F8E9E70020AA
:10A4B800F6E700BF94020020946C0108406C010884
:10A4C800034B1B68DB6913F0400FF9D0704700BFDE
:10A4D8009402002008B5002201210648FFF7FAFE81
:10A4E8000023054A1370054A1370054B01221A70A0
:10A4F80008BD00BF2447032031470320304703200D
:10A508003247032008B50B4B1B7803F0FF0003B953
:10A5180008BD0948FFF706FF024628B1074B1B781C
:10A5280013B9074B01211970044B1A701878C0B27F
:10A53800EEE700BF324703202447032031470320BA
:10A548003047032010B5FFF70DFF034B1C78E4B22A
:10A55800FFF70CFF204610BD3147032010B5FFF769
:10A5680001FF044B1C78E4B200221A70FFF7FEFECC
:10A57800204610BD3047032008B5084B1B783BB96F
:10A5880000F00CFA0123054A1370054A137008BD40
:10A59800044A2121044803F0E1FFF1E7344703208E
:10A5A80033470320EC670108AC6C010810B582B092
:10A5B80004460F4B1B787BB1A4B10021204600F064
:10A5C800D1FBF022019200904FF4A07300210846BD
:10A5D80000F03AFA02B010BD064A2B21064803F0F3
:10A5E800BDFFE9E7054A2C21034803F0B7FFE4E77C
:10A5F800344703202C670108AC6C0108046D01087E
:10A608002DE9F04182B007460C4615461E46BDF9B5
:10A6180020802C4B1B7823B34FB3002C2DDB002D4F
:10A6280031DB002E35DDB8F1000F38DDA319F02B32
:10A638003BDC05EB0803B3F5A07F3CDC2946384634
:10A6480000F090FB00EB4400F023019300901FFA08
:10A6580088F3B2B2A9B2A0B200F0F6F902B0BDE830
:10A66800F081194A3921194803F078FFD4E7184ACC
:10A678003A21164803F072FFCFE7164A3B211348E8
:10A6880003F06CFFCBE7144A3C21104803F066FF47
:10A69800C7E7124A3D210D4803F060FFC3E7104A9F
:10A6A8003E210A4803F05AFFC0E70E4A3F210748F7
:10A6B80003F054FFBDE70C4A4021044803F04EFF65
:10A6C800BCE700BF344703202C670108AC6C0108C5
:10A6D800046D01081C6D0108286D0108346D01081E
:10A6E800446D0108546D01087C6D010808B5054BDF
:10A6F8001B7803B108BD044A5B21044803F02EFF10
:10A70800F8E700BF344703202C670108AC6C010848
:10A7180008B580F001010220FFF7C4FA08BD00B5B2
:10A7280083B08DF8070000210320FFF7BBFA012151
:10A738000DF10700FFF730FD01210320FFF7B2FA02
:10A7480003B05DF804FB10B504460120FFF7E0FFF5
:10A758002046FFF7E4FF0020FFF7DAFF10BD38B509
:10A7680004460D4601210320FFF79CFA294620469E
:10A77800FFF712FD38BD70B506460C461546012098
:10A78800FFF7C6FF3046FFF7CAFF29462046FFF706
:10A79800E6FF0020FFF7BCFF70BD00B583B00244A0
:10A7A80092B2013A0B449BB2013B4FEA102C8DF850
:10A7B80004C08DF80500C2F307208DF806008DF857
:10A7C80007200A0A8DF800208DF80110C3F307222C
:10A7D8008DF802208DF8033004220DEB02012A20A7
:10A7E800FFF7C9FF042269462B20FFF7C4FF0120A9
:10A7F800FFF78EFF2C20FFF792FF03B05DF804FBF4
:10A8080070B582B000238DF80430064608B10024E4
:10A818001DE0114AA021114803F0A0FEF7E700252A
:10A828008DF800500120FFF773FFA4F12600C0B295
:10A83800FFF775FF0122694601A8FFF7E7FC2846E4
:10A84800FFF766FF9DF8003033550134E4B2022C5F
:10A85800E5D902B070BD00BFA46D0108B46D010850
:10A8680000B583B00023ADF804308DF8063001A898
:10A87800FFF7C6FF9DF80430852B03D0002003B0F6
:10A888005DF804FB9DF80530852B01D00020F6E724
:10A898009DF80630522B01D00020F0E70120EEE7AA
:10A8A8002DE9F041A0B00746884615461E46BDF87A
:10A8B80098402C4B1B785BB185B1AEB17B19F02B5E
:10A8C80018D808EB0603B3F5A07F19D800232CE0AD
:10A8D800254AC421254803F041FEEDE7244AC52155
:10A8E800224803F03BFEE8E7224AC6211F4803F04E
:10A8F80035FEE3E7204AC7211C4803F02FFEE0E7B6
:10A908001E4AC821194803F029FEDFE74FEA430C25
:10A91800220A20A901EB430101F8802C0CF18102E5
:10A928000DEB020C0CF8804C01333F2BEED933466B
:10A938002A4641463846FFF730FF06FB05F508E092
:10A948002C46402D28BF402461006846FFF724FCB0
:10A958002D1B002DF4D10020FFF7DAFE20B0BDE852
:10A96800F08100BF354703202C670108B46D01084A
:10A97800086E0108186E0108286E0108546E010857
:10A9880000B583B000904FF4A073F0220021084670
:10A99800FFF786FF03B05DF804FB000000B583B045
:10A9A80055238DF8073000238DF80630234B1B788C
:10A9B800EBBB0020FFF7ACFE00210420FFF772F983
:10A9C800142000F057F901210420FFF76BF99620B5
:10A9D80000F050F90120FFF7B6FE962000F04AF982
:10A9E8001120FFF7B0FE962000F044F901220DF186
:10A9F80007013A20FFF7BFFE01220DF106013620BC
:10AA0800FFF7B9FE2020FFF79EFE1320FFF79BFEFD
:10AA18000A4B01221A700020FFF7B2FF2920FFF726
:10AA280092FE142000F026F903B05DF804FB044AF6
:10AA38007D21044803F092FDBBE700BF35470320A2
:10AA4800EC670108B46D01082DE9F043F9B005463B
:10AA5800894614461E46809FBDF80482314B1B78F8
:10AA6800A3B1CFB1F4B11EB3444527D82B19F02BAD
:10AA78002AD806EB0903B3F5A07F2BD83346224624
:10AA880049462846FFF789FE00253CE0264AEE2184
:10AA9800264803F063FDE4E7254AEF21234803F045
:10AAA8005DFDDFE7234AF021204803F057FDDAE790
:10AAB800214AF1211D4803F051FDD5E71F4AF22133
:10AAC8001A4803F04BFDD1E71D4AF321174803F05C
:10AAD80045FDCEE71B4AF421144803F03FFDCDE7BE
:10AAE80048003CF811301A0A0DF8112001300DF811
:10AAF8000030013189B2A142F2D361006846FFF704
:10AB08004BFB0135ADB2B54205D205FB08FC07EB9E
:10AB18004C0C0021EFE70020FFF7FAFD79B0BDE803
:10AB2800F08300BF354703202C670108B46D010886
:10AB3800806E0108086E0108186E0108946E0108FD
:10AB4800286E0108546E0108013000F03F0070477C
:10AB580008B50023034A1370034A1370FFF766FC15
:10AB680008BD00BF374703203647032000B583B030
:10AB780008E00D4A1378DBB29DF807C00B4901F8CD
:10AB880003C010700DF10700FFF778FC40B1064BC9
:10AB98001878FFF7D9FF064B1B78DBB28342E8D160
:10ABA80003B05DF804FB00BF374703203847032094
:10ABB8003647032008B5FFF74FFC08BD38B50546F2
:10ABC80098B10E4B1A78D2B20D4B1B78DBB29A4271
:10ABD80011D00A4C2378DBB20A4AD35C2B70207858
:10ABE800FFF7B2FF2070012038BD074A4B21074804
:10ABF80003F0B4FCE5E70020F6E700BF3647032082
:10AC08003747032038470320946C0108AC6E0108CD
:10AC180008B5FFF755FC08BD38B50C46054620B108
:10AC28004FF0000C4FF0FF3015E00029F8D00E4A25
:10AC380019210E4803F092FCF2E740080133DBB219
:10AC4800072B06D810F0010FF7D0094A82EA500006
:10AC5800F4E70CF1010CA44504D215F80C30584067
:10AC68000023EDE7C04338BD046F01082C6F0108CD
:10AC78002083B8ED38B50546FFF796FB0446FFF785
:10AC880093FB001BA842FAD338BD80B2EF2806D840
:10AC9800002906DBB1F5A07F05DB00207047002006
:10ACA80070470020704701207047000038B50C46F7
:10ACB800054608B1002111E00B4A1D210B4803F09D
:10ACC8004DFCF7E7C1EB011203EB021225F8124025
:10ACD80001331BB2EF2BF5DD013109B2B1F5A07FCD
:10ACE80001DA0023F6E738BD686601087C6F0108C1
:10ACF800F8B50D4614461E46074658B12146284663
:10AD0800FFF7C3FF28B1C4EB041405EB041527F8BB
:10AD18001560F8BD024A2C21024803F01FFCEDE73C
:10AD2800686601087C6F010870B50D461446064632
:10AD380058B121462846FFF7A8FF60B1C4EB0414B8
:10AD480005EB041536F8150070BD044A382104488F
:10AD580003F004FCEDE74FF6FF70F5E7046D01081A
:10AD68007C6F010838B50C46054648B1002C0DDB50
:10AD7800B4F5A07F10DAC4EB041405EB441038BD19
:10AD8800084A4421084803F0E9FBEFE7074A452150
:10AD9800054803F0E3FBEBE7054A4621024803F0C8
:10ADA800DDFBE8E7046D01087C6F0108286D0108E8
:10ADB800DC6F01082DE9F84380460F4616461D460C
:10ADC800BDF820904FF0000C0CE01FFA8CF4E1194C
:10ADD8004B46324609B24046FFF78AFF04F1010CA0
:10ADE8000FFA8CFCAC45F0DBBDE8F8832DE9F8439D
:10ADF80080460F4616461D46BDF820904FF0000CC1
:10AE08000CE01FFA8CF4A2194B4612B239464046A0
:10AE1800FFF76EFF04F1010C0FFA8CFCAC45F0DB78
:10AE2800BDE8F8832DE9F04383B005460C46164685
:10AE38009946BDF92880BDF82C700097FFF7BAFF36
:10AE480006EB080292B2013A00974B4612B221462D
:10AE58002846FFF7AFFF009743463246214628466B
:10AE6800FFF7C4FF04EB090189B201390097434693
:10AE7800324609B22846FFF7B9FF03B0BDE8F083B0
:10AE88002DE9F04782B080460F4616461D46BDF9AB
:10AE98002890BDF82CA04FF0000C0EE01FFA8CF49F
:10AEA800A219CDF800A02B4612B239464046FFF74A
:10AEB80081FF04F1010C0FFA8CFCCC45EEDB02B0EB
:10AEC800BDE8F0872DE9F04F83B082468946904669
:10AED8001E46BDF830B003FB03F7594209B20D46D0
:10AEE800019116E0013424B2B44210DC05FB05F3ED
:10AEF80004FB0433BB42F5DC09EB040108EB050253
:10AF08005B4612B209B25046FFF7F2FEEAE7013596
:10AF18002DB2B54201DC019CE6E703B0BDE8F08F35
:10AF280010B5044628B194F8203043B1636963B181
:10AF380010BD094A1121094803F010FBF3E7084A3C
:10AF48001221064803F00AFBF0E7064A13210348DA
:10AF580003F004FBECE700BFF86F01080C70010870
:10AF6800707001088C7001082DE9F0410D461646F5
:10AF78001F46DDF818800446B0B1DDB1B8F1000F06
:10AF88001ED03A463146204600F09AF9C4F814809B
:10AF9800079BA361E5610023636284F821300123E4
:10AFA80084F82030BDE8F081084A1D21084803F0E4
:10AFB800D5FAE2E7074A1E21054803F0CFFADDE794
:10AFC800054A1F21024803F0C9FADAE7AC70010804
:10AFD8000C700108C4700108D470010870B50546EA
:10AFE8000C461646FFF79CFF32462946204600F0DD
:10AFF800FBF970BD30B5C3B00446FFF791FF94F874
:10B008002130A3B901A9204600F072F9A8B9012599
:10B0180084F82150636901A9A0699847002384F83E
:10B028002130636A2B446362284643B030BD044A2A
:10B038003D21044803F092FAE4E70020F5E700BF59
:10B04800EC7001080C70010838B50546FFF768FF79
:10B05800002400E001342846FFF7CCFF0028F9D18E
:10B06800204638BD013080B2884200D070470020A9
:10B07800FCE70368406800FB0130704710B50446E0
:10B0880030B1236853B1636873B1238993B110BD9C
:10B098000B4A1D210B4803F061FAF2E70A4A1E2108
:10B0A800084803F05BFAEEE7084A1F21054803F059
:10B0B80055FAEAE7064A2021024803F04FFAE6E784
:10B0C800B8690108147101087C71010898710108B8
:10B0D800B871010810B50446FFF7D0FF002363815B
:10B0E800A381E38110BD0000F8B50F4616461D4642
:10B0F800044648B177B19EB1C5B127606660258125
:10B108002046FFF7E7FFF8BD0B4A2A210B4803F05A
:10B1180025FAEFE70A4A2B21084803F01FFAEAE765
:10B12800084A2C21054803F019FAE5E7064A2D21BB
:10B13800024803F013FAE0E7D4710108147101081A
:10B14800EC710108047201081C72010838B5044644
:10B158000D46FFF793FFADB1628923899A4217D054
:10B16800E1892046FFF785FF62682946F6F738FE31
:10B178002189E089FFF776FFE081638901336381E4
:10B18800012038BD034A4221034803F0E7F9E3E709
:10B198000020F6E7307201081471010838B504463A
:10B1A8000D46FFF76BFF1DB163893BB9002038BD21
:10B1B8000C4A54210C4803F0D1F9F5E7A18920463F
:10B1C800FFF757FF014662682846F6F709FE21890E
:10B1D800A089FFF747FFA0816389013B63810120B4
:10B1E800E5E700BF447201081471010810B5044670
:10B1F80010B10D2C06D810BD054A1121054803F0E1
:10B20800ADF9F6E7044A1221024803F0A7F9F2E77C
:10B21800587201086C720108CC72010810B5044616
:10B2280030B194F8F0304BB194F8F13063B110BDFF
:10B23800084A1721084803F091F9F2E7074A18214C
:10B24800054803F08BF9EFE7054A1921024803F096
:10B2580085F9ECE7E07201086C720108F4720108E4
:10B26800107301082DE9F04106460F460024A04658
:10B2780009E02B6901332B61D6F8FC300133C6F89D
:10B28800FC300134A4B2032C17D83B7804EB8303B9
:10B29800043356F82350002DF3D03946284600F0E1
:10B2A80067F90028E5D008F101081FFA88F8D6F8F0
:10B2B800F8300133C6F8F830E3E74046BDE8F081DE
:10B2C80070B50C461546064638B12A462146304622
:10B2D80000F040F90023336170BD034A432103485D
:10B2E80003F03CF9F1E700BF287301086C7201080C
:10B2F80038B50C46054638B164B12146284600F0F9
:10B3080041F968B1002038BD064A4C21064803F0CF
:10B3180025F9F1E7054A4D21034803F01FF9ECE749
:10B328000220F0E7287301086C72010844730108D1
:10B3380070B50D461646044630B1324629462046B9
:10B3480000F008F9002111E0114A6421114803F0C6
:10B3580005F9F2E703EB81020432002044F82200E9
:10B3680001339BB2032BF5D9013189B20D2901D8DC
:10B378000023F7E70023C4F8F430C4F8F830C4F821
:10B38800FC3084F8F130012384F8F03070BD00BF40
:10B39800F85D01086C72010810B5044648B194F8CC
:10B3A800F03063B194F8F1307BB9012384F8F130BF
:10B3B80010BD094A7D21094803F0D0F8EFE7084A93
:10B3C8007E21064803F0CAF8ECE7064A7F210348C5
:10B3D80003F0C4F8E9E700BFF85D01086C720108E2
:10B3E8005473010874730108F8B50E4617460546EC
:10B3F80040B195F8F0305BB186B13846FFF7F6FEFC
:10B40800002413E01D4A86211D4803F0A7F8F0E741
:10B418001C4A87211A4803F0A1F8EDE71A4A882147
:10B42800174803F09BF8E8E70134A4B2032C0CD8C2
:10B4380004EB8703043355F82330B342F4D1134A9D
:10B448008E210F4803F08AF8EEE70023032B0ED86D
:10B4580003EB8702043255F8222012B101339BB264
:10B46800F4E703EB8703043345F8236004E0084A54
:10B478009C21034803F072F8F8BD00BFF85D01088D
:10B488006C72010854730108287301089873010845
:10B498002856010838B505460C46FFF7BFFE94B19B
:10B4A8002078FFF7A3FE6388B3F5807F11D8214683
:10B4B800284600F05DF890B1D5F8F4300133C5F8AE
:10B4C800F430002038BD074AA221074803F046F8A7
:10B4D800E6E7064AA421044803F040F8E7E701201C
:10B4E800F0E700BFD45D01086C720108D47301084D
:10B4F80010B5C2B00446FFF791FE01A9204600F03E
:10B5080041F838B101A92046FFF7ACFE20B1002070
:10B5180042B010BD0220FBE70320F9E738B5054625
:10B52800FFF77CFE002400E001342846FFF7E0FF27
:10B538000228F9D1204638BD00B1704708B5034A42
:10B548001121034803F00AF808BD00BF047401087C
:10B558001874010870B504460D461646FFF7ECFF4F
:10B5680033464FF4827229462046FFF7BDFD70BD71
:10B5780038B504460D46FFF7DFFF29462046FFF79A
:10B58800E5FD38BD38B504460D46FFF7D5FF294619
:10B598002046FFF703FE38BD0368C91A4068814298
:10B5A80034BF0020012070470023072B06D8054A26
:10B5B80052F82320824203D00133F6E70020704777
:10B5C800012070477C470320002304E0054A00213E
:10B5D80042F823100133072BF8D9034B00221A70C5
:10B5E800704700BF7C4703207847032008B5074B06
:10B5F8001B782BB9FFF7E8FF044B01221A7008BD2E
:10B60800034A3321034802F0A9FFF3E778470320F0
:10B61800EC6701087474010810B50446184B1B78D0
:10B628006BB194B12046FFF7BFFFA0B90023072BE9
:10B638001FD8144A52F823209AB10133F7E7124A67
:10B648003C21124802F08AFFEBE7114A3D210F48DE
:10B6580002F084FFE6E70F4A3E210C4802F07EFF25
:10B66800E4E722606260A2602273064A42F823403F
:10B6780004E0094A5021054802F070FF10BD00BFE0
:10B68800784703207C4703202C670108747401085D
:10B69800D0740108E47401082856010870B50446FE
:10B6A8000E461546144B1B786BB194B1BDB12046BC
:10B6B800FFF77AFFC8B1FEF777FE20606660A560E5
:10B6C8000123237370BD0D4A55210D4802F046FF32
:10B6D800EBE70C4A56210A4802F040FFE6E70A4A1F
:10B6E8005721074802F03AFFE1E7084A5821044881
:10B6F80002F034FFDFE700BF784703202C6701081A
:10B7080074740108D0740108F86B010810750108F9
:10B7180010B504460E4B1B783BB164B12046FFF7C9
:10B7280043FF70B10023237310BD0A4A6C210A48F5
:10B7380002F014FFF1E7094A6D21074802F00EFFF5
:10B74800ECE7074A6E21044802F008FFEAE700BF69
:10B75800784703202C67010874740108D074010825
:10B768001075010810B504460D4B1B7833B15CB158
:10B778002046FFF719FF68B1207B10BD094A7521E3
:10B78800094802F0EBFEF2E7084A7621064802F083
:10B79800E5FEEDE7064A7721034802F0DFFEEBE716
:10B7A800784703202C67010874740108D0740108D5
:10B7B8001075010870B5124B1B7823B1FEF7F4FD24
:10B7C8000646002406E00F4A80210F4802F0C6FE14
:10B7D800F4E70134072C12D80C4B53F82450002DF1
:10B7E800F7D02B7B002BF4D031462846FFF7D4FE48
:10B7F8000028EED0AB6800222A739847E9E770BDAD
:10B80800784703202C670108747401087C470320DB
:10B81800BFF34F8F0549CA6802F4E062044B134333
:10B82800CB60BFF34F8F00BFFDE700BF00ED00E026
:10B838000400FA0508B5FFF7BDF9002008BD0000AF
:10B8480008B5034802F00AFEFFF7E2F9FFF7E0FF48
:10B858004876010810B5094802F000FE002407E008
:10B86800204600F04FFE0168054802F0F7FD01345C
:10B8780000F046FEA042F3D810BD00BF34750108A1
:10B88800407501082DE9F0410C4616461D46069FF5
:10B89800804660B18DB1B7B101343C60D8F804304E
:10B8A800BBB13A1D291D701E9847BDE8F0810A4AB0
:10B8B80081210A4802F052FEECE7094A8221074832
:10B8C80002F04CFEE7E7074A8321044802F046FEEF
:10B8D800E2E70120E9E700BF487501085C75010847
:10B8E800AC750108C475010870B50D4614460646C6
:10B8F80030B15CB185B131680A4802F0AFFD70BD66
:10B90800094A6321094802F029FEF2E7084A64213E
:10B91800064802F023FEEDE722463168054802F0AA
:10B928009DFDECE7EC750108487501085C75010898
:10B93800D8750108FC75010810B5044628B1242102
:10B9480004F10800FFF768F910BD034A38210348DD
:10B9580002F004FEF3E700BF107601085C750108E9
:10B9680038B5044628B122680F4B9A4207D0002008
:10B9780038BD0E4A3F210E4802F0F0FDF3E7A568F6
:10B988000DB90020F4E700F0BBFD854201D9002085
:10B99800EEE765682046FFF7CFFF854201D000201B
:10B9A800E6E70120E4E700BFA5A507B01076010887
:10B9B8005C75010830B591B0044640220021684604
:10B9C800F6F73EF8FCB1A646EC4620346546DEF8AC
:10B9D8000000DEF80410DEF80820DEF80C300FC591
:10B9E8000EF1100EAC46A645F0D12B46DEF800004D
:10B9F800DEF80410DEF8082007C340216846FEF789
:10BA0800F9FA11B030BD034A5421034802F0A6FDEB
:10BA1800D9E700BF107601085C75010800B58DB044
:10BA280005460C462C22002101A8F6F709F805B3B3
:10BA38002CB3164B01930DF10C0EA446BCE80F0075
:10BA4800AEE80F00BCE80F00AEE80F00DCF80030ED
:10BA5800CEF8003001A8FFF76FFF029001A8FFF7AA
:10BA6800A9FF29680A4802F0F9FCFFF7D1F8FFF7A7
:10BA7800CFFE084A9521084802F070FDD8E7074A2A
:10BA88009621054802F06AFDD3E700BFA5A507B0D7
:10BA980034760108487501085C75010820760108AC
:10BAA80070B58CB004460D462422002103A8F5F792
:10BAB800C7FF012C18DD02A9686800F039FDB8B18C
:10BAC800029800F01FFD064603AB00932B46224662
:10BAD8000299FFF7D7FE90B931680B4802F0BEFC17
:10BAE8004FF0FF300CB070BDFFF7B4FE0020F9E74F
:10BAF8006968064802F0B2FC4FF0FF30F2E703A98C
:10BB08003046FFF78BFF00BF7876010858760108AA
:10BB180010B590B04024224600216846F5F790FF02
:10BB280021466846FEF766FA10B010BD30B591B0F0
:10BB38000446F8B140216846FEF77CFAEC46A64672
:10BB480008AD64460FCCCEF80000CEF80410CEF84D
:10BB58000820CEF80C30A4460EF1100EAC42F0D1FD
:10BB6800BCE80700CEF80000CEF80410CEF8082094
:10BB780011B030BD024A4A21024802F0EFFCD9E771
:10BB88009C7601085C75010830B5B5B00C4C682589
:10BB98002A4621460DEB0500F6F722F92A466119D7
:10BBA8006846F6F71DF90749074802F087FC0DEBD0
:10BBB800050002F0E1FB684602F0DEFB35B030BD5F
:10BBC800C04D01083DB800089C47032070B5A4B0DB
:10BBD80019A8FFF7ABFF19A8FFF7C2FE044610B972
:10BBE800204624B070BD1B98013800F08BFC054638
:10BBF80060263246002101A8F5F722FFFFF788FFEB
:10BC0800AB68324601A91CA89847014601AA2846F4
:10BC1800FFF76AFEE4E700B583B003E09DF807008C
:10BC280002F0A4FB0DF10700FEF7C8FF0028F5D1CC
:10BC380003B05DF804FB00002DE9F04F8BB00491D0
:10BC48000592614802F00AFC0D2300934FF47A63D1
:10BC5800FA2203215D4802F001FC5D4C2046F8F70A
:10BC6800EFF82046F8F75AF92046F8F775FB0990DF
:10BC780001274FF0000BCDF80CB0DA46D9465E46E6
:10BC8800D8465D462DE007A8FCF700FC9DF8223059
:10BC9800039A1A440392BDF81C309B44069B0993EF
:10BCA8004FF47A6203214A48FCF748FB08F101087F
:10BCB800FA20FCF7ABFBFCF7C1FB01464448F8F758
:10BCC80071F9FEF771FB001B0644814500D28146DD
:10BCD80007A8FCF7DBFB9DF82230534500D99A46AC
:10BCE8000027B5F5FA6F1AD23948F8F721FB012871
:10BCF80015D1374C10212046F8F772F90135204646
:10BD0800F8F72AFB0690FEF74FFB0446002FC5D133
:10BD180009990698FCF747FF0028C9D1B3E7B8F19D
:10BD2800000F40D04FF47A7406FB04F4B4FBF5F42A
:10BD3800434632462946274802F090FB4A462146A8
:10BD4800254802F08BFBB5FBF8F1244802F086FB8E
:10BD58006420039C00FB04F2B2FBF8F22049A1FB2B
:10BD680002314909534600FB1122B4FBF8F11D4882
:10BD780002F074FBBBFBF8F11B4802F06FFB144D9B
:10BD88002846F8F709FB04462846F8F719FB024647
:10BD98002146164802F062FBB9F10D0F0AD80120BE
:10BDA8000BB0BDE8F08F124A05990498F6F772FCBB
:10BDB8000020F5E70D2300934B460E4A0599049899
:10BDC800F6F768FC0020EBE7B0760108F07601088A
:10BDD800444C03206477010890770108C077010874
:10BDE8001F85EB51DC7701080C7801082C780108D5
:10BDF80030770108407801082DE9F04F8DB08A4668
:10BE08009346654802F02AFB644C2046FCF760FC28
:10BE18002046FCF7A5FD0B900020FCF751FE0A9088
:10BE28000990FEF7C1FA074600252E462C46CDF8A4
:10BE38000CB052E00A9B099355E00134032C13D847
:10BE4800574B1D5D29460798FCF75CFE0146089094
:10BE58005248FCF7CDFC0028EFD008994F48FCF772
:10BE6800EBFD0028E9D100E00025002200922B46D6
:10BE7800099A07994948F9F7AFFC013708F1010811
:10BE88000FFA88F8B8F11B0F11DCADF81C80ADF87B
:10BE98001E6007994148FCF7ABFC0028EED00799D3
:10BEA8003E48FCF7C9FD0028E8D10024C6E7731C0A
:10BEB8001EB21E2E02DC4FF00008E3E7049C059D2D
:10BEC8000BF1010BBBF1070F03D80026049405956D
:10BED800EFE73E464F466CB10134012C19D8002CCF
:10BEE800A8D00B9B0993FEF75FFA0026B34681465C
:10BEF8003746E7E7FEF758FAC51B4FF47A7305FB98
:10BF080003F3B3FBF6F32A463146264802F0A6FAB5
:10BF1800E2E7DDF80CB0FEF747FAC41BFEF744FA77
:10BF2800C31B4FF47A7202FB03F3B3FBF6F322460A
:10BF380031461D4802F092FA05B901254FF47A748A
:10BF480005FB04F4B4FBF6F406EB460306EB8306A4
:10BF5800AD00B6FBF5F74FEAD7082146134802F0C3
:10BF68007DFA3B460D220421114802F077FA082297
:10BF78004146104802F072FACDF804800097234633
:10BF88000D4A59465046F6F785FBAE4234BF0020AD
:10BF980001200DB0BDE8F08F787801082C7B0320D4
:10BFA80038A70108B8780108F0780108287901084D
:10BFB80068790108B4790108E8790108704708B57B
:10BFC800FFF729FEFFF7F6FBFDF7EEFB08BD0000C3
:10BFD80038B504460D4601E0FFF7F1FF0C48FFF7BE
:10BFE800C1FB68B1FDF71EFDA04209D0002DF3D0BA
:10BFF800FDF718FD0228EFD10420FDF771FCEBE7EF
:10C00800FDF710FDA04214BF0020012038BD00BF7D
:10C01800508C03202DE9F04188B005468846164625
:10C028001F4600210120FFF7D3FFE0B115BBFDF744
:10C0380063FC04460028FAD1FDF7BEFC012814BFB2
:10C0480000200120A84203D00DB30220FDF76AFCAE
:10C05800FDF712FCFDF710FCDDB9FDF7E3FC022843
:10C068001AD125BB33E004462A4A39463046F6F74A
:10C0780011FB16E0002302930393049305930693A0
:10C0880007930123039302A8FCF730FACFE70120B6
:10C09800DCE7FDF7F1FBE0E71F4A39463046F6F7E3
:10C0A800F9FA204608B0BDE8F081FFF788FF1B4881
:10C0B800FFF758FB38B1FDF7B5FC022803D1F8F7B4
:10C0C800D3FAC728F1D9FDF79BFC044680B185F067
:10C0D80001010320FFF77CFF044688B975B1104BB6
:10C0E800F02200920F4A39463046F6F7D3FAD8E7DD
:10C0F8000D4A39463046F6F7CDFAD2E70B4BEFE753
:10C10800F8F7B2FAC8F800000020FCF7EFF9FDF7DD
:10C11800B3FBC6E71C7A0108347A0108508C032067
:10C128008C550108807A0108507A01089851010855
:10C138002DE9F04182B00E4690460023019300930A
:10C14800554802F08BF9554802F088F9FDF7F6FAE0
:10C15800FDF72AFBFEF784FB08B1002516E0074629
:10C168004F4A41463046F6F795FA34E021462846CC
:10C17800F9F724FC05EB450CA4444A4B43F82C0082
:10C188000134E4B2022CF1D90135EDB2012D01D808
:10C198000024F7E7F9F72DFC0746B8B1424C2046D2
:10C1A800FFF73AFA414A42492046FFF777FA4346F1
:10C1B800324601A90120FFF72DFF074678B93A4812
:10C1C800FFF7A6FAF9F715FC002561E0394A414660
:10C1D8003046F6F75FFA384602B0BDE8F081002035
:10C1E800F9F702FC044602460199334802F036F991
:10C1F800019B3BB16CB1314A41463046F6F74AFAE9
:10C208000027DCE72E4A41463046F6F743FA002776
:10C21800D5E7264A26492448FFF740FA43463246DE
:10C2280069460020FFF7F6FE07460028C7D0009CA5
:10C238000020F9F7D9FB02462146224802F00EF900
:10C24800009B33B9204A41463046F6F723FA0027C7
:10C25800B5E70020F9F7C8FB009B9842AFD01B4A0E
:10C2680041463046F6F716FA0027A8E7013CE4B243
:10C2780064B1621E05EB450313440A4A52F82310C1
:10C288000029F3D02846F9F771FBEFE70135EDB245
:10C29800012DA0D80324EBE7A87A0108F47A010855
:10C2A800347B0108388C0320508C0320C5BF00085C
:10C2B80080A903005C7B01087C7B0108F07B0108F6
:10C2C800B47B0108207C0108547C0108747C0108B7
:10C2D80070470000F0B583B0FEF766F80746002502
:10C2E8002E46B5F5967F0ED2FEF75EF80446FFF7A8
:10C2F80061FAF8F76DF90028F3D0FEF755F8001B3E
:10C3080006440135EDE7FEF74FF84FF47A7305FB65
:10C3180003F3C21B0DD01046B6FBF5F610210191B0
:10C328000096B3FBF0F32946034802F097F803B0F0
:10C33800F0BD0120F0E700BFA47C010810B500247F
:10C3480000E00134032C0DD8074B13F81400FDF757
:10C3580005FE0028F5D0044B03EB44035878F8F7A2
:10C3680003F9EEE710BD00BF3CA70108F0B583B0A4
:10C37800F8F772F90746F8F787F90446F8F77CF9F1
:10C388000546F8F71DF90646164B1B781BB1164BE8
:10C398001B78BB4217D0134B01221A70124B1F7027
:10C3A800124B1C70124B1D70124B1E70F8F75CF983
:10C3B8000346AEB1104A00922A4621460F4802F0C1
:10C3C8004DF803B0F0BD094B1B78A342E3D1084BED
:10C3D8001B78AB42DFD1074B1B788342DBD1F0E7F8
:10C3E800074AE8E7648C0320638C0320628C0320EF
:10C3F800618C0320608C03208C550108E87C0108BF
:10C408009851010870B50E4615462E4802F026F8D8
:10C41800F8F760F8FEF724FA40B3F8F797F8012028
:10C42800F8F7C2F8FFF756FF274802F017F8274831
:10C4380002F014F8264802F011F8264802F00EF827
:10C44800254802F00BF8254802F008F84FF4167159
:10C45800234802F003F8234C2046FFF7DDF8224A70
:10C4680022492046FFF71AF900240AE00446204A28
:10C4780029463046F6F70EF919E00420FDF788FD45
:10C4880004461848FFF76EF968B164B9FFF7C3FBB3
:10C49800FFF790F9FFF752FFF8F79AF80028ECD069
:10C4A800FFF764FFE9E70F48FFF732F90CB12046C0
:10C4B80070BD4FF416730F4A29463046F6F7EAF86E
:10C4C800F5E700BF1C7D0108547D0108807D010847
:10C4D800C07D0108FC7D0108487E0108987E01089E
:10C4E800E47E0108688C0320D9C20008C02709002F
:10C4F800347B0108047F010808B5FCF78FFD08BDEF
:10C508000D20704710B504460C2805D804EB4404E8
:10C51800044800EB840010BD034A3921034802F0A7
:10C528001DF8F3E744A701082C7F01084C7F010898
:10C5380070B50E46054670B19EB100240C2C19D872
:10C5480004EB44030C4A52F823102846F5F736FF4B
:10C5580068B10134F2E7094A4221094801F0FEFFB7
:10C56800EAE7084A4321064801F0F8FFE5E73460A6
:10C57800012000E0002070BD44A70108C470010834
:10C588004C7F0108A47F0108006840F30F10704732
:10C5980000230FE05902094A42F8331003EB430025
:10C5A8000101203102EBC3029180054931F81310D3
:10C5B800D1800133042BEDD9704700BF788C03205C
:10C5C800E0A701082DE9F04F8FB007908B46904601
:10C5D8009946F3F7B5FF06460F4602460B4600207C
:10C5E8004549F4F751F904460D4609FB0BF3434A54
:10C5F800A2FB032AB3F57A7F79D34FEA9A1A404609
:10C60800F3F79EFF804689465046F3F799FF0246A6
:10C618000B4640464946F4F737F980468946324684
:10C628003B4600203649F4F72FF906460F462046C8
:10C638002946F4F711FA8246F3F792FF02460B46B1
:10C6480020462946F3F73EFE00222E4BF3F7F2FF71
:10C65800CDE9080140464946F4F7FEF90446F3F7E8
:10C668007FFF02460B4640464946F3F72BFE002261
:10C67800244BF3F7DFFFCDE90A0130463946F4F7DA
:10C68800EBF90546F3F76CFF02460B463046394690
:10C69800F3F718FE00221B4BF3F7CCFFCDE90C0192
:10C6A8000022184B40464946F3F7C4FF32463B4642
:10C6B800F4F7EAF8F4F7F8F90590DDE90C01F4F776
:10C6C800CBF904900395DDE90A01F4F7C5F9029066
:10C6D8000194DDE90801F4F7BFF9009053465A4682
:10C6E8000799094801F0BAFE0FB0BDE8F08F4FF086
:10C6F80000084FF0000992E700805640D34D6210C1
:10C7080000408F40000059405C8001082DE9F0414D
:10C7180082B005460C461646FFF7EEFE074604F1C2
:10C7280007080FFA88F80023019310230093334673
:10C7380022462946FEF7A4FB2C46002D03DB24F0F5
:10C748000F0424B20EE005F10F04F8E74FF6FF736B
:10C75800019303230093424621463846FEF790FB97
:10C76800103424B205EB060C0FFA8CFCA445EDDC62
:10C7780002B0BDE8F08130B583B00546FFF704FF8D
:10C788000446FFF7B9FE04F10801AA880832EB88CD
:10C798000093082312B209B2FEF794FB03B030BD30
:10C7A80070B5FFF7A9FE06460021FEF77FFA0025BF
:10C7B8000CE0094C04EBC504F022B4F90410002085
:10C7C800FFF7A4FF2046FFF7D6FF0135042DF0D967
:10C7D8003046FDF7EBFE70BD788C032070B582B053
:10C7E80020EAE075841824B2F02CA8BFF024A542F2
:10C7F80001DB02B070BD0E46FFF77EFE631B102200
:10C8080000921BB232462946FDF7FAFEF1E738B529
:10C8180015468C468142A8BF84468142ACBFCCEB0A
:10C828000103CCEB00039BB210331AB2202A04DCBC
:10C8380029466046FFF7D2FF38BD0C46102229462C
:10C84800FFF7CCFF102229462046FFF7C7FFF3E782
:10C858002DE9F8438046002418E03846FFF794FE97
:10C868000646854211D0164B03EBC4091022B9F9CC
:10C8780004102846FFF74AFF3846FFF77CFFB9F94E
:10C88800042031462846FFF7C2FF0134042C15D88E
:10C898000B4E06EBC4073846FFF776FE054656F8FA
:10C8A8003430434446F834303846FFF76DFEF028FC
:10C8B800D3DD6FF0FF0246F83420CEE7BDE8F883F9
:10C8C800788C03202DE9F04F83B081460D469246BF
:10C8D80001934FF4B46B9BFBF0FBFDF765FD074636
:10C8E8004FF0000846460AE0FDF75EFD044658464C
:10C8F800FFF7AEFFFDF758FD001B80440136FDF73A
:10C9080053FDC01B50450ED24FF47A7406FB04F455
:10C91800B4FBF9F43C44002DE6D0FDF745FD001BBF
:10C928000028F8DBE0E7FDF73FFDC01B019BC3F8DB
:10C9380000804FF47A7303FB06F6B6FBF0F003B001
:10C94800BDE8F08F10B584B0002403940D4801F0C1
:10C9580085FD03AB4FF4FA6221463C20FFF7B2FF96
:10C96800014641F27073B3FBF0F3C3F16403064A66
:10C97800A2FB010200933C235209044801F06EFD1A
:10C9880004B010BDB880010889888888048101082E
:10C9980070B582B0FDF708FD06461F4801F05EFD40
:10C9A8001E4801F05BFD3C211D4801F057FD0024A5
:10C9B80003250AE001351B4B33F81510184801F020
:10C9C8004DFD17E0FDF7CAFD044614BBFDF7ECFC6E
:10C9D800801B154B98421CD801ABFA220121114843
:10C9E80030F81500FFF76EFF0020FDF7D1FA08B107
:10C9F800022DDFD90220FDF7CBFA0028E2D0002D66
:10CA0800E0D0013D074B33F81510054801F026FD2D
:10CA1800D8E7204602B070BD58810108A4810108FA
:10CA2800F4810108ECA701089F8601002DE9F04771
:10CA380082B0884691465A21314801F00FFDFDF732
:10CA48009BFDFDF70DFF074630B1FFF7A1FDFFF78E
:10CA5800A7FE0026B24609E02A4A49464046F5F7AD
:10CA680019FE384602B0BDE8F0870136032E26D8F5
:10CA7800254B33F81640002301930322214623480F
:10CA880001F0ECFC01AB40F6B83201212046FFF77B
:10CA980019FF054640F6B833019A01462046FFF7CC
:10CAA80091FD642303FB05F504EB4403C4EB431435
:10CAB800A542DAD2164801F0D1FCBA46D5E7FFF70D
:10CAC80041FFFFF765FF044640B1BAF1000F0CD1F2
:10CAD8008CB1BAF1000F10D00027C2E764230D4AC9
:10CAE80049464046F5F7D6FDF2E70B4A4946404627
:10CAF800F5F7D0FDECE70027B3E70127B1E700BF62
:10CB080000820108347B0108ECA70108548201085F
:10CB180090820108047F0108D882010830B40023FC
:10CB28000124254603E0FF2A00D0002401338B426C
:10CB380004D2C25C002AF6D00025F4E715B924B166
:10CB4800002000E0002030BC70470120FBE708B55A
:10CB5800884214BF002101210220FDF7A3F808BD77
:10CB680008B50021FFF7F3FF00210420FDF79AF82C
:10CB78001420FEF77FF801210420FDF793F8962092
:10CB8800FEF778F808BD70B584B0044616468DF8EF
:10CB98000710002503950121FFF7D9FF2946032037
:10CBA800FDF780F801210DF10700FDF7F5FA0121E5
:10CBB8000320FDF777F80422314603A8FDF726FB8A
:10CBC80029462046FFF7C3FF04B070BD2DE9F041A8
:10CBD80086B0074648B11B491B4801F03FFC384660
:10CBE800FFF7BEFF0024A04602E01849F4E701342D
:10CBF800032C23D800230593154D15F8346005AA96
:10CC080031463846FFF7BFFF05EBC4059DF81530E0
:10CC18009DF816209DF817100291019200939DF837
:10CC28001430324669680B4801F018FC042105A845
:10CC3800FFF774FF0028DAD08046D8E7404606B0F0
:10CC4800BDE8F0816483010814830108108301089A
:10CC5800F4A7010834830108F8B50E4617461548AD
:10CC680001F0FCFB144801F0F9FB0020FFF7AEFFD0
:10CC780005460120FFF7AAFF044605B918B145B1DA
:10CC8800B4B10E4906E00E4A39463046F5F702FDC2
:10CC980004E00C490C4801F0E1FB0124002108469E
:10CCA800FFF755FF01210420FCF7FCFF2046F8BDE3
:10CCB8000649EFE76C830108B48301085C83010827
:10CCC8000084010864830108408401081083010876
:10CCD8002DE9F04788B00F4690462B4801F0BEFB7F
:10CCE800FDF71EFA814630B1FDF75EFB82464D46E0
:10CCF8004E4600240BE0254A41463846F5F7CAFC63
:10CD08002EE0009B984200D000250134E4B2072CA5
:10CD18000AD8FDF70BFA08AB03EB840343F8200CA1
:10CD28000028EED00026ECE7FDF73EFBA0EB0A0A50
:10CD3800002409E008AB03EB840353F8201C1448D3
:10CD480001F08CFB0134E4B2072CF3D952460821D8
:10CD5800104801F083FB3EB975B90F4801F07EFB1E
:10CD6800484608B0BDE8F0870C4A41463846F5F712
:10CD780091FC4FF00009F3E7009B094A4146384609
:10CD8800F5F788FCB146EBE790840108C8840108F0
:10CD98000885010814850108648501082C850108A7
:10CDA800408501087047000010B50C46014605484B
:10CDB80001F054FB2046FDF7E3FD4FF46170FDF7E9
:10CDC80059FF10BD4075010810B582B00E4801F03A
:10CDD80045FB00240FE00D4B33F81420C4EB04137B
:10CDE800580080B200924FF4A0731E220021FDF774
:10CDF80057FD0134A4B2072CEDD94FF46170FDF74B
:10CE080039FF02B010BD00BFA485010814A80108AD
:10CE180010B582B0184801F021FB0020FDF7B0FDE5
:10CE28004FF4784400940423F02200210846FDF7CB
:10CE380037FD00940423F0224FF49E710020FDF783
:10CE48002FFD00944FF4A073042200210846FDF73B
:10CE580027FD00944FF4A07304220021EC20FDF775
:10CE68001FFD4FF6FF73009328231A460421084636
:10CE7800FDF716FD02B010BDF48501082DE9D04379
:10CE880082B0284801F0EAFAFFF736FB0021FDF7E7
:10CE98000DFFFFF731FB4FF6E07300933C23A02210
:10CEA8007821FEF70FF8FFF727FB1F2301934FF4B4
:10CEB800A0730093F02300221146FDF7B3FFFDF79E
:10CEC80073FA0646002404E0FFF716FBFDF76EFB35
:10CED8000134042CF8D9FDF767FA841B2046F3F7D0
:10CEE8002FFB0022104BF3F7CFFC06460F460246F5
:10CEF8000B4600200D49F3F7C7FC804689463046AB
:10CF08003946F3F7A9FD064640464946F3F7A4FD1E
:10CF18000090334622460521054801F09FFA02B0E9
:10CF2800BDE8D083408601080000144000408F40CF
:10CF3800908601082DE9F04383B008231A460C2196
:10CF4800304801F08BFAFDF72FFA804600271FE0E2
:10CF5800F3002D4CA4FB0324E409C4EB0414A3EB55
:10CF6800041424B2FB00294AA2FB0312120A02EBA2
:10CF78008202A3EB821215B2FFF7BEFA08230093D0
:10CF88002A462146FDF73CFB01360B2EE0D9013736
:10CF9800632F01D80026F8E7FDF706FAA0EB08048E
:10CFA8002046F3F7CDFA0022194BF3F76DFC06463D
:10CFB8000F46F3F751FD0546F3F7D2FA02460B4642
:10CFC80030463946F3F77EF90022114BF3F732FB6E
:10CFD8008046894632463B4600200E49F3F754FC0A
:10CFE800F3F73AFD019040464946F3F735FD0090C6
:10CFF8002B4622466421084801F030FA03B0BDE808
:10D00800F08300BFC486010889888888CDCCCCCC41
:10D018000000594000408F400C8701082DE9F0417D
:10D0280084B00D4616460023ADF80C308DF80E304E
:10D03800394801F013FAFDF79FFA03A8FDF7E0FB62
:10D048009DF80C409DF80D709DF80E80FDF708FCCA
:10D05800002842D0314B009343463A462146304897
:10D0680001F0FCF9FDF7FCFB0446002837D04FF42B
:10D0780078412C48FFF798FE4FF4FC612A48FFF7E7
:10D0880093FE1F212948FFF78FFEFFF79DFEFFF74C
:10D09800BFFE4FF46170FDF7EDFDFFF7EFFEFFF700
:10D0A80049FF234801F0DAF97821224801F0D6F93E
:10D0B800214C2046FEF7B0FA204A21492046FEF7C7
:10D0C800EDFA00241C48FEF74DFBB0B1ACB9FEF7F1
:10D0D80071FBFDF743FA0446F4E71A4BBBE79DF8EA
:10D0E8000D309DF80E20019200939DF80C30164AE1
:10D0F80031462846F5F7CEFA03E00F48FEF708FB5D
:10D108001CB1204604B0BDE8F08178230F4A3146AF
:10D118002846F5F7BFFAF4E75C8701084887010855
:10D1280084870108DC87010804880108348801081D
:10D1380060880108B0880108A08C0320ADCD0008E4
:10D14800C0D4010050870108AC870108047F01089A
:10D1580070B50646F8F74DFC00250EE005EB4502D4
:10D1680006EB8202013C52F824102846F8F7FEFB31
:10D17800E4B2002CF2D10135EDB2012D01D803241F
:10D18800F7E770BD2DE9F04F8BB00E4617466248A1
:10D1980001F064F9F8F7B2FB002521E021462846A2
:10D1A800F8F70CFC05EB450323440AAA02EB8303BA
:10D1B80043F8180C0134E4B2022CEFD905EB450210
:10D1C8000AAB03EB820252F8103C009352F8143C6D
:10D1D80052F8182C2946514801F040F90135EDB2B2
:10D1E800012D01D80024E7E7FDF7DEF88146F8F7BE
:10D1F80000FC804678B1FDF7D7F8A0EB0909F8F7ED
:10D208007DFB0024012C1AD82046F8F7EDFB58B90D
:10D218000134E4B2F6E7424A39463046F5F73AFABD
:10D2280040460BB0BDE8F08F3E4A39463046F5F728
:10D2380031FA04A8FFF78CFF4FF00008F0E7FDF77C
:10D24800B3F8824600250CE0013C374B53F8241014
:10D2580029442846F8F78AFBE4B2002CF4D10135BA
:10D26800EDB2012D01D80324F7E7FDF79DF8A0EBF7
:10D278000A0AF8F743FB002530E00134E4B2022C37
:10D288000CD821462846F8F799FB274B53F8242059
:10D298002A449042F1D04FF00008EEE700212846DA
:10D2A800F8F78CFB044601212846F8F787FB8346EC
:10D2B80002212846F8F782FB0390CDF808B00194C4
:10D2C80005F16F03009305F6AE0305F5F4426932E4
:10D2D8002946164801F0C2F80135EDB2012D01D8F2
:10D2E8000024CCE7534606224946114801F0B6F817
:10D2F800104801F0B3F804A8FFF72AFFB8F1000FAF
:10D3080005D10D4A39463046F5F7C4F988E70B4888
:10D3180001F0A4F884E700BFC8880108148901084F
:10D328003C8901085C89010824A80108848901084E
:10D33800C0890108148A0108448A0108708A010812
:10D34800704708B5FCF7BBFCB0FA80F0400908BD8F
:10D358002DE9F04196B00024254609E0002300930A
:10D368004346134A39463046F5F794F905440134E3
:10D37800042C10D802AB5E19C5F150070D4B03EB16
:10D38800C402D2F8048013F83400FCF798FC002893
:10D39800E4D10123E3E702A9074801F05FF8074A4F
:10D3A8004FF47A710648FEF779F916B0BDE8F081B6
:10D3B800C08A010830A80108C88A010859D30008A2
:10D3C800B08C03202DE9F04192B0074688461646F6
:10D3D8004022002102A8F4F733FB002425460BE085
:10D3E800104B114A02EBC40CDCF8042000920F4ADF
:10D3F800F5F750F905440134042C0AD8335D002BA5
:10D40800F9D102AB5819C5F14001002DE8D0084BFD
:10D41800E7E702AB074A41463846F5F73BF912B051
:10D42800BDE8F0818093010830A80108E48A01086A
:10D43800E08A0108EC8A01082DE9F04188B00E461F
:10D448001746002506958DF81C5001950295039501
:10D4580004950595DFF8F8804046FEF7DDF8364C70
:10D468002046FEF7D9F8354800F0F8FF344800F0B8
:10D47800F5FF3C21334800F0F1FF334A4EF66021B6
:10D488004046FEF70BF9314A4FF47A712046FEF711
:10D4980005F92F48FEF766F9002838D0042D36D84C
:10D4A800FEF788F9002406E0002208AB03EB8403AA
:10D4B80043F81C2C0134042CEBD8264B13F8340009
:10D4C800FFF73FFF0028EFD008AB03EB840C5CF8B4
:10D4D8001C3C01334CF81C3CB3F5FA6FEAD104F15B
:10D4E80020036B4413F8083C002BE3D1012204F11C
:10D4F80020036B4403F8082C1544164901EBC401BA
:10D5080005232A464968144800F0A8FFD2E71048C6
:10D51800FEF7FEF80848FEF7FBF8042D8CBF01243F
:10D52800002403D9204608B0BDE8F08106AA394690
:10D538003046FFF747FFF5E7B08C0320008B010862
:10D54800408B0108B088010849D3000859D3000866
:10D55800C08C032030A801088C8B0108704782B06A
:10D56800034600680190B3F90020012A04DD0C2A63
:10D5780004DD0C21198001E002211980B3F90210A1
:10D58800012904DD112904DD1120588001E0022061
:10D598005880B3F90000824202D0012002B07047DF
:10D5A800B3F90230994201D00120F7E70020F5E7EE
:10D5B80082B0074B1B6801930020BDF8043063F369
:10D5C8000F00BDF8063063F31F4002B0704700BF7C
:10D5D80058A8010810B503460C46164A106808609A
:10D5E800042B24D8DFE803F00315090F1B00B1F959
:10D5F8000230013B4B80012010BDB1F902300133EC
:10D608004B800120F8E7B1F90030013B0B80012085
:10D61800F2E7B1F9003001330B800120ECE7FFF7A6
:10D62800C7FF2080C0F30F4060800120E4E700209E
:10D63800E2E700BFD08C03202DE9F04F93B080467D
:10D64800894617464022002102A8F4F7F9F9002478
:10D6580025460DE0DFF850B0E0B2FCF7B5FC0090CD
:10D668005B460F4A51463046F5F714F80544013435
:10D67800042C0BD83B5D002BF9D102AB5E19C5F128
:10D68800400A002DE6D0DFF824B0E5E702AB054AF2
:10D6980049464046F4F7FEFF13B0BDE8F08F00BFDF
:10D6A800E48A0108A48B010880930108E08A010834
:10D6B80010B582B0FEF720FF04460021FDF7F6FA08
:10D6C8001F2301934FF490730093D0231022114627
:10D6D8002046FDF7A7FB2046FCF768FF02B010BD07
:10D6E80070B582B00E460488240124B245882D0105
:10D6F8002DB2FEF701FF9EB14FF6E073019310269D
:10D70800009633462A462146FDF7BAFBFEF7F4FE9B
:10D71800009633462A462146FCF772FF02B070BDD8
:10D728000023EBE738B50546054C00212046FFF7F6
:10D73800D7FF2868206001212046FFF7D1FF38BDB8
:10D74800D08C03202DE9704384B0294B1B680393C8
:10D758006421284800F082FEFCF726FE06460024D5
:10D7680012E0234B1B680293234BA3FB0423DB0823
:10D7780003EB830203EB4203E31A0233ADF80830EC
:10D7880002A8FFF7CFFF0134632CEAD9FCF70CFE9F
:10D79800861B3046F2F7D4FE0022184BF3F774F8D4
:10D7A80080468946F3F758F90446F2F7D9FE02464F
:10D7B8000B4640464946F2F785FD00220F4BF2F72B
:10D7C80039FFF3F749F905460090234632466421AC
:10D7D8000B4800F043FE2B4622462021094800F062
:10D7E8003DFE03A8FFF79EFF04B0BDE8708300BFAD
:10D7F800D08C0320B88B0108A38B2EBA00005940A7
:10D80800048C0108348C01082DE9F04186B00F46DC
:10D818009046002304938DF814304D4800F01EFE06
:10D82800FCF7AAFEFDF71CF838B3FFF741FFFFF736
:10D83800BFFE484B186001211846FFF751FFFFF75C
:10D8480081FF454800F00AFE444800F007FE4448BE
:10D8580000F004FE434800F001FE7821424800F041
:10D86800FDFD424C2046FDF7D7FE414A414920467E
:10D87800FDF714FF0024264644E004463E4A41468C
:10D888003846F4F707FF204606B0BDE8F081284681
:10D89800FCF79AFB0146052301930096BDF90E306B
:10D8A800BDF90C20354800F0D9FD03A8FFF73AFF71
:10D8B8000134042C23D8E5B22846FCF769FB00287C
:10D8C800F6D004F118036B4413F8083C33B901226D
:10D8D80004F118036B4403F8082C164403A92846DE
:10D8E800FFF778FE03A8FFF73AFE0028CFD02846B6
:10D8F800FCF76AFB0146224800F0B0FDD5E7FCF7CB
:10D908002DFE04461948FDF72DFF20B11CB9FDF77F
:10D9180051FF0024CDE71548FDF7FAFE34B1042E77
:10D928000BD984B1042E10D80024ACE77823154A0B
:10D9380041463846F4F7AEFEF3E704AA41463846B6
:10D94800FFF77AFEEDE700249DE701249BE700BF7F
:10D95800848C0108D08C0320D08C01081C8D010810
:10D96800688D01089C8D0108B0880108D48C0320BB
:10D9780065D50008C0D40100347B0108088E010871
:10D98800DC8D0108047F010870470000F0B583B002
:10D99800FCF70AFD074600252E46B5F5967F0ED200
:10D9A800FCF702FD0446FDF705FFF6F711FE002817
:10D9B800F3D0FCF7F9FC001B06440135EDE7FCF752
:10D9C800F3FC4FF47A7305FB03F3C21B0DD010462A
:10D9D800B6FBF5F6102101910096B3FBF0F329464A
:10D9E800034800F03BFD03B0F0BD0120F0E700BFA5
:10D9F800308E010810B5002400E00134032C0DD846
:10DA0800074B13F81400FCF7A9FA0028F5D0044BCB
:10DA180003EB44035878F6F7A7FDEEE710BD00BF07
:10DA28005CA8010870B5F6F717FE0646F6F72CFE57
:10DA38000446F6F721FE05460D4B1B78B34203D189
:10DA48000C4B1B78A3420ED0094B1E70094B1C705F
:10DA5800094B1D70F6F708FE03462A46214607487B
:10DA680000F0FCFC70BD044B1B788342ECD1F9E755
:10DA7800E68C0320E58C0320E48C03207C8E0108CF
:10DA880070B50D4616463A4800F0E8FCF6F722FD58
:10DA9800FCF7E6FE60B3FCF787FC0146354C2060D6
:10DAA800354800F0DBFC2068F6F740FDFFF76EFF15
:10DAB800324800F0D3FC324800F0D0FC314800F086
:10DAC800CDFC314800F0CAFC4FF416712F4800F025
:10DAD800C5FC15212E4800F0C1FC2E4C2046FDF750
:10DAE8009BFD2D4A2D492046FDF7D8FD002419E05D
:10DAF80004462B4A31462846F4F7CCFD2DE0F6F7CC
:10DB0800ABFD01281ED0FCF74FFC0146194C2060E4
:10DB1800194800F0A3FC2068F6F708FD12E0FCF7AE
:10DB28001DFD04461B48FDF71DFE90B18CB9FEF79C
:10DB380072F8FDF73FFEFFF75DFF0420FCF728FAB7
:10DB48000028DCD1F6F744FD0028E8D0FFF76AFF8B
:10DB5800E5E71048FDF7DCFD0CB1204670BD4FF439
:10DB68001673104A31462846F4F794FDF5E700BFCE
:10DB7800A08E0108E88C0320E88E0108F88E0108C1
:10DB8800448F0108908F0108DC8F01082890010854
:10DB980064900108EC8C032091D90008C027090083
:10DBA800347B0108047F01087047000008B5FCF7C2
:10DBB800C9FC60B10121074B1A68074800F04EFC08
:10DBC800064A4FF47A710648FDF768FD08BD002142
:10DBD800F1E700BFFC8C0320B4900108B5DB000816
:10DBE800008D0320F0B583B00C461546264B002265
:10DBF8001A60264F3846FDF70FFD254E3046FDF7D3
:10DC08000BFD0321234800F029FC1E21224800F0C7
:10DC180025FC224A47F230513846FDF73FFD204A9D
:10DC28004FF47A713046FDF739FD1848FDF79AFD33
:10DC380088B1154B1B68022B0DD8FDF7BBFDFCF70F
:10DC48008DFC0028F1D0104B196801311960154876
:10DC580000F004FCE9E70D48FDF75AFD0C48FDF714
:10DC680057FD094B1B68022B8CBF0126002602D9E1
:10DC7800304603B0F0BD032200920B4A29462046E5
:10DC8800F4F708FDF4E700BFFC8C0320108D032097
:10DC9800008D0320D890010810910108B1DB00081D
:10DCA800B5DB0008509101086091010810B50446E1
:10DCB800B0B16368DBB1237A012B1FD12368B3F1BC
:10DCC800A53F22D1D4F88C30B3F1A53F24D1D4F8A4
:10DCD800A434B3F1A53F26D1637A802B2AD810BD8E
:10DCE800184A4FF40D71184800F038FCE1E7174A5C
:10DCF80040F23621144800F031FCDCE7144A40F2C7
:10DD08003721114800F02AFCD8E7124A4FF40E7167
:10DD18000D4800F023FCD5E70F4A40F239210A48A4
:10DD280000F01CFCD3E70D4A40F23A21064800F007
:10DD380015FCD1E70A4A40F23B21034800F00EFCEB
:10DD4800CDE700BF8C91010898910108F491010872
:10DD58000C920108309201085C9201088492010833
:10DD6800AC92010838B50446044D2868FFF79EFFB9
:10DD78002B685B682046984738BD00BF208D03207C
:10DD880010B504460E4B1868FFF790FF0A2C05D013
:10DD9800082C0AD02046FFF7E5FF10BD0D20FFF73D
:10DDA800E1FF0A20FFF7DEFFF7E70820FFF7DAFFB9
:10DDB8002020FFF7D7FF0820FFF7D4FFEDE700BFCB
:10DDC800208D032010B50446054B1868FFF76EFF39
:10DDD80002E0FFF7D5FF013420780028F9D110BD03
:10DDE800208D032070B5134B1868FFF75FFF0025DF
:10DDF80018E01148FFF7E6FF682405FB04F404F176
:10DE0800900030440430FFF7DDFF0C48FFF7DAFFDD
:10DE1800B83430190430FFF7D5FF0A20FFF7B0FFF8
:10DE28000135EDB2034B1E6896F89030AB42E0D84E
:10DE3800002070BD208D0320F0920108F4920108A3
:10DE480010B5044C2068FFF731FF236893F90900E7
:10DE5800C00F10BD208D032010B5054C2068FFF7BA
:10DE680025FF2368587A10B101380344987A10BD09
:10DE7800208D032010B50446084B1868FFF716FFDD
:10DE88000748FFF79FFF2046FFF79CFF0A20FFF790
:10DE980077FF0448FFF796FF10BD00BF208D0320D1
:10DEA800089301081C93010870B506460D466329BE
:10DEB80001DC00240AE0084A4FF41071074800F01A
:10DEC8004DFBF6E73046FFF75BFF0134AC42F9DB68
:10DED8000A20FFF755FF70BD40930108989101088B
:10DEE80008B5094B1868FFF7E1FE32213D20FFF71E
:10DEF800DBFF0648FFF766FF32213D20FFF7D4FF1E
:10DF08000348FFF75FFF08BD208D032050930108E9
:10DF1800D094010870B5054614460E4629B10C4B3D
:10DF28001868FFF7C3FE002308E00A4A40F26B2195
:10DF3800094800F013FBF2E70133DBB2A34204D235
:10DF4800F15CA942F8D1012000E0002070BD00BFBB
:10DF5800208D03208493010898910108F8B50C4698
:10DF6800054640B174B1274B1868FFF79FFE0023A0
:10DF78001E46184616E0244A4FF4F171234800F073
:10DF8800EDFAEFE7224A40F2E311204800F0E6FA02
:10DF9800E9E701211BE0012119E03EB3774527D0CD
:10DFA8000133DBB2174A126892F809E09E4527D977
:10DFB800A04225D21F4603F1080C94440CF1020C30
:10DFC800D118897A2029E6D00A29E2D000210EF159
:10DFD800FF3E0029E1D03A4400219172002EDFD0A3
:10DFE80045F820600130C0B20E46D9E76646D5E74D
:10DFF800002ED5D045F820600130C0B20026CFE70A
:10E00800F8BD00BF208D0320909301089891010866
:10E01800A493010810B5074C2068FFF747FE246851
:10E028008022002104F10A00F3F70AFD002363723D
:10E0380010BD00BF208D03202DE9F84F0F4616466E
:10E048009846DDF828A0814650B187B1B6B1B8F13D
:10E05800000F1AD0BAF1000F1ED000252C4628E078
:10E06800204A40F24D21204800F078FAEDE71F4A97
:10E0780040F24E211C4800F071FAE7E71C4A40F2D2
:10E088004F21194800F06AFAE1E71A4A4FF414716F
:10E09800154800F063FADDE7174A40F251211248AB
:10E0A80000F05CFAD9E748F825B00135EDB2013443
:10E0B800E4B2B44208D257F824B049465846F3F7B8
:10E0C800D7F80028EFD1F2E78AF80050B54201D816
:10E0D800BDE8F88F094A40F26521034800F03EFA8E
:10E0E800F6E700BFB893010898910108CC9301089E
:10E0F800DC930108F09301080494010814940108C2
:10E1080070B598B0344C2068FFF7D0FD21684A7A82
:10E118000A312020FFF7FEFE78BB282200210EA836
:10E12800F3F78EFC00230CE0682203FB02F2903226
:10E138001444043418AA02EB830242F8284C013331
:10E14800DBB2254A146894F890509D42ECD82822F6
:10E15800002104A8F3F774FC00238DF80F300DF1AB
:10E168000F03009304AB2A460EA904F10A00FFF737
:10E1780063FF9DF80F30012B01D018B070BD049BD0
:10E188001B7823B1144B1B685D7A002410E0134AF6
:10E1980040F29D21124800F0E1F9F3E70E4B1B68AD
:10E1A800234400229A720820FFF7EAFD0134E4B202
:10E1B800AC42F3D3084B1D6805F10A04049E802283
:10E1C80031462046F3F782FE3046F3F7EBF96872E2
:10E1D8002046FFF7F7FDD0E7208D0320389401088B
:10E1E8009891010870B50646194B1868FFF75EFD4F
:10E1F80036B1174B1B6893F8903043B100250FE0F8
:10E20800144A4FF4E571144800F0A8F9F1E7134AED
:10E2180040F2CB11104800F0A1F9EFE70135EDB25B
:10E228000B4B1B6893F89020AA420DD9682205FB76
:10E2380002F2903213441C1D202231462046F4F786
:10E248007DF80028EAD100E00024204670BD00BF18
:10E25800208D032050940108989101085C940108CE
:10E2680010B504461A4B1868FFF720FDFFF7E8FDC4
:10E2780048B90D2C1DD00CD8082C0CD0092C19D15C
:10E28800FFF73EFF22E01348FFF79CFDFFF7C2FEB1
:10E298001CE07F2C0ED10E4B1A68537AB3B1013BA8
:10E2A800DBB253721A44002393720820FFF768FD0B
:10E2B8000CE00A24064B1868437AC218947201339A
:10E2C8004372FFF7F3FC2046FFF75AFD10BD00BF6D
:10E2D800208D03209094010830B591B04022002190
:10E2E8006846F3F7ADFB1D4B1868FFF7DFFCFFF737
:10E2F800B3FD0A2802D0FFF7A3FD38B11021684604
:10E30800FFF72CFE044618B9FFF784FE11B030BDA4
:10E3180032212D20FFF7C8FD0098FFF763FFA0B159
:10E32800056A426A69462046A847044632212D20DC
:10E33800FFF7BAFD0A48FFF745FD64B90948FFF73A
:10E3480041FD0A20FFF71CFDDEE70098FFF792FD6C
:10E358004FF0FF34EAE70448F1E700BF208D0320BF
:10E36800C8940108A0940108B494010808B5FFF7FF
:10E3780077FFFFF7B1FF08BD38B5054650B110F17A
:10E38800280F14D02B6AC3B12C4B1868FFF78EFCEA
:10E3980000241AE02A4AF1212A4800F0DFF8002D6B
:10E3A800F0D1294AF221274800F0D8F8EAE7274AAD
:10E3B800F321244800F0D2F8E4E7254AF421214863
:10E3C80000F0CCF8E0E70134E4B21C4B186890F890
:10E3D8009030A3420DD9682304FB03F3903318440B
:10E3E800202229460430F3F7A9FF0028EBD10123A6
:10E3F80000E00023A3B9114B1C6894F89030092B56
:10E4080015D8682202FB03F09030204429460430D6
:10E41800F3F7E6FC94F89030013384F8903038BD77
:10E428000C4A4FF48371074800F098F8E3E70A4A6A
:10E4380040F21311034800F091F8F0E7208D032013
:10E44800D494010898910108E4940108FC94010807
:10E45800149501082C950108489501080FB410B5CA
:10E46800A2B0249C0E4B1868FFF720FC8CB125AB9A
:10E4780001932246802102A8F3F71EF802A8FFF7AD
:10E48800A1FC0A20FFF77CFC22B0BDE8104004B0D4
:10E498007047044A40F24B11034800F05FF8E6E782
:10E4A800208D0320649501089891010808B5024859
:10E4B800FFF7D4FF08BD00BF6895010830B59BB0D1
:10E4C8000D46044640B3237A63BB1C4B1B6823B13B
:10E4D8001B4A5C211B4800F041F84DB34FF0A533AF
:10E4E8002360C4F8A434C4F88C30656000236372D8
:10E4F80084F89030114B1C60012323726822124962
:10E508006846F3F76DFC6846FFF736FFFFF7CEFF66
:10E51800FFF7E6FC1BB030BD0C4A5A21094800F051
:10E528001DF8D0E70A4A5B21064800F017F8CCE747
:10E53800084A5D21034800F011F8CFE7208D032039
:10E54800B095010898910108904E0108709501084E
:10E5580084950108CC950108FEE7000008B5034B37
:10E568001B680BB1984708BDFFF7F6FF248D032001
:10E5780080B400AF184BD3F88830174A43F47003BF
:10E58800C2F88830154B01221A60144B0022DA6158
:10E59800124B00221A62114B00225A620F4B1B6861
:10E5A8000E4A23F0A85323F4102313600B4B0022C8
:10E5B8009A620A4B1B68094A23F480231360074BAD
:10E5C80000221A65044B4FF000629A6000BFBD46F6
:10E5D8005DF8047B704700BF00ED00E0000C0246C8
:10E5E80080B485B000AF78607B6803F00703FB60F8
:10E5F8000C4BDB68BB60BA684FF6FF031340BB6087
:10E60800FB681A02BB68134343F0BF6343F400334B
:10E61800BB60044ABB68D36000BF1437BD465DF8D1
:10E62800047B704700ED00E080B400AF044BDB686A
:10E638001B0A03F007031846BD465DF8047B7047C4
:10E6480000ED00E080B483B000AF03463960FB7191
:10E6580097F90730002B0ADB3B68DAB20C4997F9C7
:10E6680007301201D2B20B4483F800230AE03B685A
:10E67800DAB20849FB7903F00F03043B1201D2B266
:10E688000B441A7600BF0C37BD465DF8047B704713
:10E6980000E100E000ED00E080B489B000AFF86070
:10E6A800B9607A60FB6803F00703FB61FB69C3F19B
:10E6B8000703042B28BF0423BB61FB690433062B23
:10E6C80002D9FB69033B00E000237B614FF0FF3276
:10E6D800BB6902FA03F3DA43BB681A407B699A40C4
:10E6E8004FF0FF317B6901FA03F3D9437B680B4094
:10E6F800134318462437BD465DF8047B704780B540
:10E7080082B000AF78607868FFF76AFF00BF08370B
:10E71800BD4680BD80B586B000AF0346B9607A605B
:10E72800FB73FFF781FF78617A68B9687869FFF74A
:10E73800B3FF024697F90F3011461846FFF782FFDC
:10E7480000BF1837BD4680BD80B483B000AF786085
:10E758007B68013BB3F1807F01D301230DE00A4AB6
:10E768007B68013B5360084B00229A60064B1B688C
:10E77800054A43F003031360002318460C37BD46CF
:10E788005DF8047B704700BF10E000E080B483B000
:10E7980000AF78607B68042B44D801A252F823F0BC
:10E7A800CBE70008E9E700080BE800082DE80008B7
:10E7B800BDE700081F4B1B681E4A43F004031360A3
:10E7C80031E01C4B1B681B4A23F0040313601A4BEF
:10E7D800D3F8E030184A23F44003C2F8E03022E0CE
:10E7E800144B1B68134A23F004031360124BD3F82D
:10E7F800E03023F44003104A43F48003C2F8E030C9
:10E8080011E00C4B1B680B4A23F0040313600A4BFE
:10E81800D3F8E03023F44003074A43F40003C2F876
:10E82800E03000E000BF00BF0C37BD465DF8047B58
:10E83800704700BF10E000E0000C024680B483B0CF
:10E8480000AF194B1B6803F00403002B02D004230C
:10E858007B6021E0154BD3F8E03003F440033B60C4
:10E868003B68B3F5000F11D03B68B3F5000F10D823
:10E878003B68002B04D03B68B3F5800F03D008E059
:10E8880000237B6008E001237B6005E002237B60B6
:10E8980002E000237B6000BF7B6818460C37BD464A
:10E8A8005DF8047B704700BF10E000E0000C0246F2
:10E8B80080B500AF124B1B68114A43F48073136094
:10E8C8000320FFF71CFF01F073F902460D4B1B6A8A
:10E8D80003F00F030C49CB5C22FA03F30B4A1360D5
:10E8E8000420FFF753FF0F2000F012F80346002B17
:10E8F80001D0012302E0F4F77BF90023184680BD1C
:10E9080000200240000C024664A8010870000020A4
:10E9180080B584B000AF78600023FB60334B1B7870
:10E92800002B01D101235CE0314B1B6803F0040389
:10E93800042B0CD12F4B1A682C4B1B7819464FF41B
:10E948007A73B3FBF1F3B2FBF3F3FB6037E0FFF745
:10E9580075FFB860BB68022B23D0BB68022B2DD88B
:10E96800BB68002B03D0BB68012B0DD026E0214BE0
:10E978001A681E4B1B7819464FF4FA53B3FBF1F390
:10E98800B2FBF3F3FB601AE0184B1B781A464FF4FE
:10E998007A73B3FBF2F34FF4FA42B2FBF3F3FB6082
:10E9A8000DE0124B1B781A464FF47A73B3FBF2F35F
:10E9B8004FF40042B2FBF3F3FB6000E000BFF868DD
:10E9C800FFF7C2FE0346002B01D0012309E0002215
:10E9D80079684FF0FF30FFF79DFE074A7B681360A8
:10E9E800002318461037BD4680BD00BF78000020C0
:10E9F80010E000E0700000207400002080B400AF38
:10EA0800034B1B681846BD465DF8047B704700BF82
:10EA1800288D032080B58EB000AF7860002387F87A
:10EA280037307B68002B02D1012300F0C8BE994B18
:10EA3800DB6903F00C033B63964B9B6A03F003030B
:10EA4800FB627B681B6803F01003002B00F06C81ED
:10EA58003B6B002B07D03B6B0C2B40F0DE80FB6A36
:10EA6800012B40F0DA807B68DB69002B02D101239F
:10EA780000F0A5BE7B685A6A864B9B6803F40003C6
:10EA8800002B04D0834B9B6803F0704305E0814B57
:10EA9800D3F8F4301B0403F07043934255D23B6B18
:10EAA800002B0AD17B685B6A184601F0D9F9034646
:10EAB800002B02D0012300F082BE764B9B68754A7A
:10EAC80043F400039360734B9B6823F070427B68A8
:10EAD8005B6A704913438B607B685B6AB3F1404F94
:10EAE80009D36C4BDB6823F01F027B681B6A6949FA
:10EAF8001343CB607EE07B685B6A002B0ADA654BC8
:10EB0800DB6823F478727B681B6A5B0161491343F5
:10EB1800CB606FE07B685B6AB3F1804F0AD35D4BD3
:10EB2800DB6823F4F8427B681B6A9B02594913434C
:10EB3800CB605FE0574BDB6823F478227B681B6A65
:10EB4800DB0354491343CB6054E0524B9B68514A52
:10EB580043F4000393604F4B9B6823F070427B683B
:10EB68005B6A4C4913438B607B685B6AB3F1404F27
:10EB780009D3484BDB6823F01F027B681B6A4549B1
:10EB88001343CB6028E07B685B6A002B0ADA414BB1
:10EB9800DB6823F478727B681B6A5B013D49134389
:10EBA800CB6019E07B685B6AB3F1804F0AD3394BBD
:10EBB800DB6823F4F8427B681B6A9B0235491343E0
:10EBC800CB6009E0334BDB6823F478227B681B6A4F
:10EBD800DB0330491343CB603B6B002B0AD17B68C6
:10EBE8005B6A184601F03CF90346002B02D001236A
:10EBF80000F0E5BD01F0DEF8274B1B681846FFF76B
:10EC080087FE034687F8273097F82730002B00F057
:10EC18008A8097F8273000F0D2BD7B68DB69002B2B
:10EC280066D01C4B1B681B4A43F001031360FFF7B7
:10EC3800E5FEB86209E0FFF7E1FE0246BB6AD31AB7
:10EC4800022B02D9032300F0BABD124B1B6803F054
:10EC58000403002BEFD00F4B9B680E4A43F40003CC
:10EC680093600C4B9B6823F070427B685B6A094990
:10EC780013438B607B685B6AB3F1404F0ED3054B3F
:10EC8800DB6823F01F027B681B6A02491343CB60D1
:10EC98004AE000BF000C0246740000207B685B6AF3
:10ECA800002B0ADA984BDB6823F478727B681B6ABE
:10ECB8005B0195491343CB6036E07B685B6AB3F12F
:10ECC800804F0AD3904BDB6823F4F8427B681B6AB9
:10ECD8009B028D491343CB6026E08B4BDB6823F402
:10ECE80078227B681B6ADB0387491343CB601BE0F0
:10ECF800854B1B68844A23F001031360FFF77EFEEF
:10ED0800B86209E0FFF77AFE0246BB6AD31A022B03
:10ED180002D9032300F053BD7B4B1B6803F00403A7
:10ED2800002BEFD100E000BF7B681B6803F00103F4
:10ED3800002B00F08B803B6B082B05D03B6B0C2B1A
:10ED480009D1FB6A032B06D17B685B68002B7DD158
:10ED5800012300F034BD7B685B68B3F5803F06D1C2
:10ED6800694B1B68684A43F48033136041E07B6851
:10ED78005B68B3F5A02F12D1634B1B68624A43F45A
:10ED880080231360604B1B685F4A23F48013136071
:10ED98005D4B1B685C4A43F48033136029E07B6851
:10EDA8005B68B3F5A81F12D1574B1B68564A43F44A
:10EDB80080231360544B1B68534A43F48013136039
:10EDC800514B1B68504A43F48033136011E04E4B9B
:10EDD8001B684D4A23F4803313604B4B1B684A4A27
:10EDE80023F480231360484B1B68474A23F480139D
:10EDF80013607B685B68002B14D0FFF7FFFDB862D7
:10EE080009E0FFF7FBFD0246BB6AD31A642B02D95F
:10EE1800032300F0D4BC3C4B1B6803F40033002BE5
:10EE2800EFD013E0FFF7EAFDB86209E0FFF7E6FD6F
:10EE38000246BB6AD31A642B02D9032300F0BFBC75
:10EE4800314B1B6803F40033002BEFD17B681B6840
:10EE580003F00203002B5FD03B6B042B05D03B6B08
:10EE68000C2B14D1FB6A022B11D17B68DB68002BB9
:10EE780002D1012300F0A3BC234B1B6923F4F81231
:10EE88007B681B691B04204913430B6144E07B68C2
:10EE9800DB68002B24D01C4B1B681B4A43F480738F
:10EEA8001360FFF7ABFDB86209E0FFF7A7FD024664
:10EEB800BB6AD31A022B02D9032300F080BC124B81
:10EEC8001B6803F48063002BEFD00F4B1B6923F4FE
:10EED800F8127B681B691B040B4913430B611BE089
:10EEE800094B1B68084A23F480731360FFF786FDFB
:10EEF800B8620BE0FFF782FD0246BB6AD31A022B09
:10EF080004D9032300F05BBC000C0246AF4B1B681E
:10EF180003F48063002BEDD17B681B6803F00803C2
:10EF2800002B00F0C880002387F83630A74BD3F8B1
:10EF3800943003F00403002B11D1A44BD3F8943080
:10EF4800A24A43F00403C2F89430A04BD3F894309B
:10EF580003F004037B617B69012387F836309C4BFF
:10EF68009B6A03F00103002B19D1994B9B6A984ABD
:10EF780043F001039362FFF741FDB86209E0FFF730
:10EF88003DFD0246BB6AD31A022B02D9032300F0C7
:10EF980016BC8F4B9B6A03F00103002BEFD07B68F4
:10EFA8005B69002B5FD0894BD3F8F0303B627B68FC
:10EFB8009A693B6A03F080539A4237D03B6A03F060
:10EFC8000063002B06D03B6A03F08063002B01D15D
:10EFD8000123F4E33B6A03F08063002B1BD07B4BD7
:10EFE800D3F8F030794A23F0A053C2F8F030FFF795
:10EFF80005FDB86208E0FFF701FD0246BB6AD31AB7
:10F00800052B01D90323DAE3704BD3F8F03003F072
:10F018000063002BEFD16D4BD3F8F03023F0805212
:10F028007B689B6969491343C1F8F030674BD3F893
:10F03800F030664A43F08063C2F8F030FFF7DEFC38
:10F04800B86208E0FFF7DAFC0246BB6AD31A052B60
:10F0580001D90323B3E35D4BD3F8F03003F0006329
:10F06800002BEFD01BE0594BD3F8F030574A23F070
:10F07800A053C2F8F030FFF7C1FCB86208E0FFF710
:10F08800BDFC0246BB6AD31A052B01D9032396E3BC
:10F098004E4BD3F8F03003F00063002BEFD197F814
:10F0A8003630012B07D1494BD3F89430474A23F027
:10F0B8000403C2F894307B681B6803F00403002B38
:10F0C80000F01181002387F83530404BD3F8943095
:10F0D80003F00403002B11D13C4BD3F894303B4A86
:10F0E80043F00403C2F89430384BD3F8943003F05B
:10F0F80004033B613B69012387F83530344B9B6A35
:10F1080003F00103002B18D1314B9B6A304A43F0BE
:10F1180001039362FFF772FCB86208E0FFF76EFC28
:10F128000246BB6AD31A022B01D9032347E3284BB3
:10F138009B6A03F00103002BF0D07B689B6803F007
:10F148000103002B1FD07B689B6803F00403002B8E
:10F1580010D01E4BD3F8F0301C4A43F00403C2F819
:10F16800F0301A4BD3F8F030184A43F00103C2F8D4
:10F17800F03018E0154BD3F8F030144A43F001038F
:10F18800C2F8F0300FE0114BD3F8F0300F4A23F0FB
:10F198000103C2F8F0300D4BD3F8F0300B4A23F0DE
:10F1A8000403C2F8F0307B689B68002B57D0FFF748
:10F1B80025FCB8620EE0FFF721FC0246BB6AD31AB1
:10F1C80041F28832934205D90323F8E2000C024643
:10F1D800000802469C4BD3F8F03003F00203002BE2
:10F1E800E9D07B689B6803F08003002B1BD0964B0B
:10F1F800D3F8F030944A43F08003C2F8F0300AE0C4
:10F20800FFF7FCFB0246BB6AD31A41F288329342ED
:10F2180001D90323D3E28C4BD3F8F03003F4006315
:10F22800002BEDD053E0884BD3F8F030864A23F01A
:10F238008003C2F8F0300AE0FFF7E0FB0246BB6A41
:10F24800D31A41F28832934201D90323B7E27E4BA5
:10F25800D3F8F03003F40063002BEDD137E0FFF76B
:10F26800CDFBB8620AE0FFF7C9FB0246BB6AD31AB6
:10F2780041F28832934201D90323A0E2724BD3F8BA
:10F28800F03003F00203002BEDD16F4BD3F8F030D0
:10F2980003F08003002B1AD06B4BD3F8F0306A4A86
:10F2A80023F08003C2F8F0300AE0FFF7A7FB02461C
:10F2B800BB6AD31A41F28832934201D903237EE212
:10F2C800614BD3F8F03003F40063002BEDD197F8CD
:10F2D8003530012B07D15C4BD3F894305A4A23F0D0
:10F2E8000403C2F894307B681B6803F02003002BEA
:10F2F80036D07B68DB6A002B19D0534B1B68524A07
:10F3080043F480531360FFF779FBB86208E0FFF716
:10F3180075FB0246BB6AD31A022B01D903234EE2BE
:10F32800494B1B6803F40053002BF0D018E0464B00
:10F338001B68454A23F480531360FFF75FFBB862EC
:10F3480008E0FFF75BFB0246BB6AD31A022B01D920
:10F35800032334E23C4B1B6803F40053002BF0D129
:10F368007B681B6803F08003002B36D07B681B6B1F
:10F37800002B19D0344B1B68334A43F48043136085
:10F38800FFF73CFBB86208E0FFF738FB0246BB6AB0
:10F39800D31A022B01D9032311E22B4B1B6803F468
:10F3A8000043002BF0D018E0274B1B68264A23F4B3
:10F3B80080431360FFF722FBB86208E0FFF71EFBEB
:10F3C8000246BB6AD31A022B01D90323F7E11E4B6D
:10F3D8001B6803F40043002BF0D17B681B6803F023
:10F3E8004003002B7FD07B685B6B002B62D0164BF1
:10F3F8009B68154A43F400039360134B9B6823F002
:10F4080070627B689B6A104913438B607B685B6AF8
:10F41800B3F1404F09D30C4BDB6823F01F027B6824
:10F428001B6A09491343CB602AE07B685B6A002B9F
:10F438000CDA054BDB6823F478727B681B6A5B0186
:10F4480001491343CB601BE0000C02467B685B6AF2
:10F45800B3F1804F0AD3A14BDB6823F4F8427B68F1
:10F468001B6A9B029D491343CB6009E09B4BDB68F9
:10F4780023F478227B681B6ADB0398491343CB602B
:10F48800964B1B68954A43F010031360FFF7B6FAD2
:10F49800B86208E0FFF7B2FA0246BB6AD31A022B39
:10F4A80001D903238BE18D4B1B6803F02003002B4C
:10F4B800F0D018E0894B1B68884A23F010031360CA
:10F4C800FFF79CFAB86208E0FFF798FA0246BB6AB1
:10F4D800D31A022B01D9032371E1804B1B6803F077
:10F4E8002003002BF0D17B689B6B002B00F066811A
:10F4F800002387F83430794BDB6903F00C030C2BBD
:10F5080000F0F2807B689B6B022B40F0C580734B48
:10F518001B68724A23F080731360FFF76FFAB862B2
:10F5280008E0FFF76BFA0246BB6AD31A022B01D92F
:10F53800032344E1694B1B6803F00073002BF0D1EF
:10F54800664BD3F8943003F00403002B11D1634BBE
:10F55800D3F89430614A43F00403C2F894305F4B07
:10F56800D3F8943003F00403FB60FB68012387F8A9
:10F5780034305B4BDB6803F48023B3F5802F02D172
:10F58800012387F83730564BDB68554A23F480232C
:10F59800D360524B9B6A23F47F4323F003037A68BA
:10F5A800D16B7A68126C013A120211437A68526C74
:10F5B8000A434A4913438B62484B5A6B494B1340E1
:10F5C8007A68926C013AC2F308017A68D26C013AFF
:10F5D800520292B211437A68126D013A120402F48F
:10F5E800FE0211437A68526D013A120602F0FE4299
:10F5F8000A433A4913434B63384B9B6A374A23F013
:10F60800100393627B68DB6D344ADB009363334BF2
:10F618009B6A324A43F010039362304B9B6A23F093
:10F628000C027B689B6D2D4913438B6297F837302A
:10F63800012B05D12A4BDB68294A43F48023D36088
:10F6480097F83430012B07D1244BD3F89430234A50
:10F6580023F00403C2F89430204B1B681F4A43F080
:10F6680080731360FFF7CAF9B86208E0FFF7C6F9BC
:10F678000246BB6AD31A022B01D903239FE0174B1A
:10F688001B6803F00073002BF0D0144B9B6A134ADD
:10F6980043F48023936291E0104B1B680F4A23F0D8
:10F6A80080731360FFF7AAF9B86208E0FFF7A6F9BC
:10F6B8000246BB6AD31A022B01D903237FE0074B0A
:10F6C8001B6803F00073002BF0D1044B9B6A034ABC
:10F6D80023F4E02323F0030393626FE0000C024657
:10F6E8000008024600008080374B9B6AFB61364B5E
:10F6F8005B6BBB617B689B6B012B39D0FB6903F0AB
:10F7080003027B68DB6B9A4232D1FB691B0A03F068
:10F718000F027B681B6C013B9A4229D1FB6903F4F9
:10F7280070427B685B6C9A4222D1BB69C3F30802C2
:10F738007B689B6C013B9A421AD1BB695B0A03F058
:10F748007F027B68DB6C013B9A4211D1BB691B0CC1
:10F7580003F07F027B681B6D013B9A4208D1BB69AD
:10F768001B0E03F07F027B685B6D013B9A4201D060
:10F77800012324E0144B9B6BDB08C3F30C027B686A
:10F78800DB6D9A421AD0104B9B6A0F4A23F0100384
:10F798009362FFF733F9B86200BFFFF72FF902460B
:10F7A800BB6A9342F9D07B68DB6D074ADB00936341
:10F7B800054B9B6A044A43F01003936200231846E2
:10F7C8003837BD4680BD00BF000C024680B586B004
:10F7D80000AF786039607B68002B01D10123D9E143
:10F7E8009B4B1B6803F00F033A689A4210D9984B59
:10F7F8001B6823F00F0296493B6813430B60944B38
:10F808001B6803F00F033A689A4201D00123C1E153
:10F818007B681B6803F01003002B10D07B685A69C3
:10F828008C4B5B6A03F070039A4208D9894B5B6A78
:10F8380023F070027B685B69864913434B627B68DF
:10F848001B6803F00803002B12D07B681A69814BF0
:10F858001B6A1B0903F070039A4209D97D4B1B6A86
:10F8680023F4E0627B681B691B017A4913430B622E
:10F878007B681B6803F00403002B10D07B68DA68F0
:10F88800744B1B6A03F070039A4208D9714B1B6AC8
:10F8980023F070027B68DB686E4913430B627B6858
:10F8A8001B6803F00203002B10D07B689A68694B31
:10F8B8001B6A03F00F039A4208D9664B1B6A23F0B0
:10F8C8000F027B689B68634913430B627B681B6864
:10F8D80003F00103002B00F0D2800023FB757B6846
:10F8E8005B68032B43D15B4BD3F8943003F00403DC
:10F8F800002B10D1574BD3F89430564A43F00403E9
:10F90800C2F89430534BD3F8943003F00403BB602F
:10F91800BB680123FB75FFF771F838614E4BDB6854
:10F9280003F48023002B0FD008E0FFF767F80246A6
:10F938003B69D31A022B01D903232BE1464BDB6821
:10F9480003F48043002BF0D0FB7D012B07D1414B02
:10F95800D3F894303F4A23F00403C2F894303D4B67
:10F968001B6803F00073002B21D1012312E17B688F
:10F978005B68022B07D1374B1B6803F40033002B5D
:10F9880015D1012306E17B685B68002B07D1314B59
:10F998001B6803F00403002B09D10123FAE02D4B67
:10F9A8001B6803F48063002B01D10123F2E0294B8B
:10F9B800DB6923F003027B685B6826491343CB614C
:10F9C800FFF71CF838617B685B68032B12D10AE0EB
:10F9D800FFF714F802463B69D31A41F28832934282
:10F9E80001D90323D6E01B4BDB6903F00C030C2B76
:10F9F800EED144E07B685B68022B12D10AE0FEF787
:10FA0800FDFF02463B69D31A41F28832934201D97D
:10FA18000323BFE00F4BDB6903F00C03082BEED187
:10FA28002DE07B685B68002B23D10AE0FEF7E6FF38
:10FA380002463B69D31A41F28832934201D9032323
:10FA4800A8E0044BDB6903F00C03002BEED116E0B1
:10FA580000200240000C024600080246FEF7CEFFD6
:10FA680002463B69D31A41F28832934201D90323F3
:10FA780090E04A4BDB6903F00C03042BEED17B6862
:10FA88001B6803F00203002B10D07B689A68434B75
:10FA98001B6A03F00F039A4208D2404B1B6A23F0FB
:10FAA8000F027B689B683D4913430B623C4B1B6804
:10FAB80003F00F033A689A4210D2394B1B6823F0BF
:10FAC8000F0237493B6813430B60354B1B6803F043
:10FAD8000F033A689A4201D001235BE07B681B68F8
:10FAE80003F00403002B10D07B68DA682B4B1B6AE9
:10FAF80003F070039A4208D2284B1B6A23F0700265
:10FB08007B68DB68254913430B627B681B6803F03D
:10FB18000803002B12D07B681A69204B1B6A1B094B
:10FB280003F070039A4209D21C4B1B6A23F4E0626B
:10FB38007B681B691B01194913430B627B681B68AF
:10FB480003F01003002B10D07B685A69134B5B6AD3
:10FB580003F070039A4208D2104B5B6A23F07002DC
:10FB68007B685B690D4913434B6200F021F802463C
:10FB78000A4B1B6A03F00F030A49CB5C22FA03F312
:10FB8800094A1360094B1B681846FEF7C1FE034675
:10FB9800FB73FB7B18461837BD4680BD000C024638
:10FBA8000020024064A801087000002074000020B2
:10FBB80080B48BB000AF00237B6200233B62784B9C
:10FBC800DB6903F00C03BB61754B9B6A03F003030D
:10FBD8007B61BB69002B05D0BB690C2B21D17B69EC
:10FBE800012B1ED16E4B9B6803F40003002B07D139
:10FBF8006B4BD3F8F4301B0B03F00F037B6205E06B
:10FC0800674B9B681B0F03F00F037B62654A7B6A97
:10FC180052F823307B62BB69002B10D17B6A3B62B0
:10FC28000DE05F4BDB6903F00C03042B02D15E4B44
:10FC38003B6204E0BB69082B01D15B4B3B62BB69AB
:10FC48000C2B40F0A580564B9B6A03F003033B61E5
:10FC5800534B9B6A1B0A03F00F030133FB60504BA5
:10FC68009B6A1B0903F00103BB604D4B9B6BDB08D0
:10FC7800C3F30C03BA6802FB03F307EE903AF8EEFD
:10FC8800677AC7ED017A3B69022B03D03B69032BE6
:10FC980022D043E0FB6807EE903AF8EE677ADFED92
:10FCA800436A86EEA77A3E4B5B6BC3F3080307EE05
:10FCB800903AF8EE676A97ED016ADFED3D5AC6EEB5
:10FCC800257A76EEA77AF7EE006A77EEA67A67EEDF
:10FCD800277AC7ED077A46E0FB6807EE903AF8EE18
:10FCE800677ADFED326A86EEA77A2D4B5B6BC3F33A
:10FCF800080307EE903AF8EE676A97ED016ADFEDC0
:10FD08002C5AC6EE257A76EEA77AF7EE006A77EED9
:10FD1800A67A67EE277AC7ED077A24E07B6A07EEB2
:10FD2800903AF8EE676AFB6807EE903AF8EE677A61
:10FD380086EEA77A1A4B5B6BC3F3080307EE903A7B
:10FD4800F8EE676A97ED016ADFED195AC6EE257A73
:10FD580076EEA77AF7EE006A77EEA67A67EE277A4C
:10FD6800C7ED077A00BF0E4B5B6B1B0E03F07F03DA
:10FD780001333B603B6807EE903AB8EE677AD7EDFF
:10FD8800076AC6EE877AFCEEE77A17EE903A3B628E
:10FD98003B6A18462C37BD465DF8047B704700BFA8
:10FDA800000C02467CA801080024F4000024744BCF
:10FDB8000000004680B500AFFFF7FAFE0246074B89
:10FDC8001B6A03F00F030649CB5C22FA03F3054ACA
:10FDD8001360044B1B68184680BD00BF000C024628
:10FDE80064A801087000002080B500AFFFF7E2FFAB
:10FDF8000246054B1B6A1B0903F007030349CB5C4A
:10FE080022FA03F3184680BD000C024674A80108C4
:10FE180080B500AFFFF7CEFF0246054B1B6A1B0AF1
:10FE280003F007030349CB5C22FA03F3184680BDAD
:10FE3800000C024674A8010880B500AFFFF7BAFFAE
:10FE48000246054B5B6A1B0903F007030349CB5CB9
:10FE580022FA03F3184680BD000C024674A8010874
:10FE680080B586B000AF78603E4BD3F8943003F08D
:10FE78000403002B03D003F0D3F8786119E0394B61
:10FE8800D3F89430374A43F00403C2F89430354B22
:10FE9800D3F8943003F00403FB60FB6803F0C0F868
:10FEA8007861304BD3F894302E4A23F00403C2F81B
:10FEB80094307B69B3F5403F03D07B69B3F5003FCD
:10FEC80009D17B68B3F1805F02D201233B6133E043
:10FED80000233B6130E07B68B3F1805F08D27B6927
:10FEE800B3F5803F02D103233B6125E0012335E0D0
:10FEF8007B68B3F1005F0FD97B69002B09D17B6860
:10FF0800B3F1405F02D900233B6115E001233B6157
:10FF180012E000233B610FE07B68B3F1805F09D1F9
:10FF28007B69B3F5803F02D101233B6104E00223E2
:10FF38003B6101E001233B610B4B1B6823F00F027F
:10FF480009493B6913430B60074B1B6803F00F0318
:10FF58003A699A4201D0012300E000231846183775
:10FF6800BD4680BD000C0246002002402DE9B04F7E
:10FF7800B6B000AFC7F8C400002387F8D330002319
:10FF880087F8D230D7F8C430D3E9002302F001044F
:10FF9800002554EA05030BD0C54BD3F8E03023F015
:10FFA8000301D7F8C4301B6DC14A0B43C2F8E030D7
:10FFB800D7F8C430D3E9002302F004084FF0000951
:10FFC80058EA09030BD0BA4BD3F8E03023F03001DC
:10FFD800D7F8C4305B6DB64A0B43C2F8E030D7F8A7
:10FFE800C430D3E9002302F0080A4FF0000B5AEAA4
:08FFF8000B030BD0AE4BD3F854
:020000040801F1
:10000000E03023F0C001D7F8C4309B6DAA4A0B43FF
:10001000C2F8E030D7F8C430D3E9002302F010036F
:10002000C7F8B8300023C7F8BC30D7E92E120B460A
:1000300013430BD0A04BD3F8E03023F44071D7F832
:10004000C430DB6D9C4A0B43C2F8E030D7F8C430B3
:10005000D3E9002302F02003C7F8B0300023C7F82B
:10006000B430D7E92C120B4613430BD0924BD3F884
:10007000E83023F00701D7F8C4301B6E8E4A0B43DB
:10008000C2F8E830D7F8C430D3E9002302F04003C7
:10009000C7F8A8300023C7F8AC30D7E92A120B46BE
:1000A00013430BD0844BD3F8E03023F44061D7F8EE
:1000B000C4305B6E804A0B43C2F8E030D7F8C430DE
:1000C000D3E9002302F08003C7F8A0300023C7F86B
:1000D000A430D7E928120B4613430BD0764BD3F844
:1000E000E03023F44051D7F8C4309B6E724A0B4382
:1000F000C2F8E030D7F8C430D3E9002302F48073AB
:10010000C7F898300023C7F89C30D7E926120B4671
:1001100013430BD0684BD3F8E83023F0C001D7F875
:10012000C430DB6E644A0B43C2F8E830D7F8C43001
:10013000D3E9002302F48003C7F890300023C7F806
:100140009430D7E924120B4613430BD05A4BD3F803
:10015000E03023F44041D7F8C4301B6F564A0B43BC
:10016000C2F8E030D7F8C430D3E9002302F40073BA
:10017000C7F888300023C7F88C30D7E922120B4625
:1001800013430BD04C4BD3F8E83023F44061D7F83D
:10019000C4305B6F484A0B43C2F8E830D7F8C4302C
:1001A000D3E9002302F48063C7F880300023C7F846
:1001B0008430D7E920120B4613430BD03E4BD3F8C3
:1001C000E03023F44021D7F8C4309B6F3A4A0B4308
:1001D000C2F8E030D7F8C430D3E9002302F400635A
:1001E000BB670023FB67D7E91E120B4613430BD0F6
:1001F000314BD3F8E83023F44071D7F8C430DB6FCB
:100200002D4A0B43C2F8E830D7F8C430D3E90023B5
:1002100002F400533B6700237B67D7E91C120B46AF
:1002200013434FD0D7F8C430D3F88C30802B2DD067
:10023000802B27D8602B2BD0602B23D8402B06D0C7
:10024000402B1FD8002B09D0202B11D01AE01A4BBD
:100250009B6A194A43F4803393621AE0D7F8C4309A
:100260000833184602F014F9034687F8D33010E03B
:10027000D7F8C4302C33184602F0A2F9034687F8A9
:10028000D33006E0012387F8D33002E000BF00E05E
:1002900000BF97F8D330002B10D1074BD3F8E430D0
:1002A00023F0E001D7F8C430D3F88C30024A0B4376
:1002B000C2F8E43006E000BF000C024697F8D330E5
:1002C00087F8D230D7F8C430D3E9002302F40043D2
:1002D000BB660023FB66D7E91A120B46134346D0D0
:1002E000D7F8C430D3F8A030B3F5A04F28D0B3F579
:1002F000A04F21D8B3F5804F22D0B3F5804F1BD843
:10030000B3F5405F1CD0B3F5405F15D8B3F5005F7F
:1003100008D0B3F5005F0FD8002B11D0B3F5805F84
:100320000ED009E0D7F8C4300833184602F0B0F810
:10033000034687F8D33004E0012387F8D33000E088
:1003400000BF97F8D330002B0DD1B64BD3F8E8306F
:1003500023F4E041D7F8C430D3F8A030B14A0B43BE
:10036000C2F8E83003E097F8D33087F8D230D7F8F6
:10037000C430D3E9002302F480333B6600237B665C
:10038000D7E918120B4613433ED0D7F8C430D3F840
:100390008430042B1DD801A252F823F0DB0301089E
:1003A000B1030108BF030108DB030108DB030108F7
:1003B0009C4B9B6A9B4A43F4803393620EE0D7F8D0
:1003C000C4302C33184602F0FBF8034687F8D330CC
:1003D00004E0012387F8D33000E000BF97F8D33062
:1003E000002B0DD18F4BD3F8E43023F00701D7F861
:1003F000C430D3F884308B4A0B43C2F8E43003E0B6
:1004000097F8D33087F8D230D7F8C430D3E9002337
:1004100002F40033BB650023FB65D7E916120B46D7
:1004200013434AD0D7F8C430D3F88830B3F5802FBF
:1004300028D0B3F5802F21D8B3F5403F24D0B3F5B1
:10044000403F1BD8B3F5003F0ED0B3F5003F15D8A1
:10045000002B1BD0B3F5803F10D1724B9B6A714AC1
:1004600043F48033936212E0D7F8C4302C3318463B
:1004700002F0A6F8034687F8D33008E0012387F896
:10048000D33004E000BF02E000BF00E000BF97F8F7
:10049000D330002B0DD1634BD3F8E83023F4E021A7
:1004A000D7F8C430D3F888305E4A0B43C2F8E8303E
:1004B00003E097F8D33087F8D230D7F8C430D3E9C7
:1004C000002302F480233B6500237B65D7E91412E7
:1004D0000B46134300F0BA80002387F8D130514B0C
:1004E000D3F8943003F00403002B13D14D4BD3F811
:1004F00094304C4A43F00403C2F89430494BD3F88B
:10050000943003F00403C7F8C830D7F8C83001238B
:1005100087F8D130444B9B6A434A43F0010393620E
:10052000FEF770FAC7F8CC000BE0FEF76BFA024654
:10053000D7F8CC30D31A022B03D9032387F8D33052
:1005400005E0394B9B6A03F00103002BEDD097F8CF
:10055000D330002B6AD1334BD3F8F03003F440731F
:10056000C7F8D430D7F8D430002B23D0D7F8C43014
:10057000D3F8B820D7F8D43093421BD0294BD3F806
:10058000F03023F44073C7F8D430264BD3F8F03062
:10059000244A43F48033C2F8F030224BD3F8F030D1
:1005A000204A23F48033C2F8F0301E4AD7F8D43002
:1005B000C2F8F030D7F8D43003F00103002B19D083
:1005C000FEF720FAC7F8CC000DE0FEF71BFA024652
:1005D000D7F8CC30D21A41F288339A4203D9032398
:1005E00087F8D33006E00F4BD3F8F03003F0020366
:1005F000002BEAD097F8D330002B0DD1094BD3F85C
:10060000F03023F44071D7F8C430D3F8B830054A3D
:100610000B43C2F8F0300DE097F8D33087F8D230B2
:1006200008E000BF000C02460008024697F8D330ED
:1006300087F8D23097F8D130012B07D1B24BD3F8DD
:100640009430B14A23F00403C2F89430D7F8C43090
:10065000D3E9002302F48013BB640023FB64D7E9D1
:1006600012120B46134342D0D7F8C430D3F8983057
:10067000B3F1406F22D0B3F1406F1BD8B3F1006FDC
:1006800011D0B3F1006F15D8002B19D0B3F1806FE2
:1006900010D1D7F8C4300833184601F0F9FE0346EC
:1006A00087F8D3300DE0984B9B6A974A43F40033A8
:1006B000936206E0012387F8D33002E000BF00E038
:1006C00000BF97F8D330002B0DD18F4BD3F8E0301B
:1006D00023F04061D7F8C430D3F898308A4A0B43EE
:1006E000C2F8E03003E097F8D33087F8D230D7F87B
:1006F000C430D3E9002302F400233B6400237B646D
:10070000D7E910120B4613432DD0D7F8C430D3F8D5
:100710009030B3F5005F0BD0B3F5005F04D8002B29
:1007200008D0B3F5805F07D0012387F8D33004E009
:1007300000BF02E000BF00E000BF97F8D330002BFD
:100740000DD1714BD3F8E43023F44051D7F8C430C5
:10075000D3F890306C4A0B43C2F8E43003E097F8CA
:10076000D33087F8D230D7F8C430D3E9002302F46D
:100770008053BB630023FB63D7E90E120B46134380
:100780000CD0614BD3F8E43023F40061D7F8C430C7
:10079000D3F894305C4A0B43C2F8E430D7F8C43045
:1007A000D3E9002302F400133B6300237B63D7E902
:1007B0000C120B46134319D0D7F8C430D3F89C3031
:1007C000B3F5804F05D1504B9B6A4F4A43F48033B9
:1007D00093624D4BD3F8E43023F48041D7F8C43012
:1007E000D3F89C30484A0B43C2F8E430D7F8C43001
:1007F000D3E9002302F40003BB620023FB62D7E9C4
:100800000A120B4613430CD03F4BD3F8E03023F4CD
:100810004012D7F8C430D3F8AC303B491343C1F889
:10082000E030D7F8C430D3E9002302F080733B6294
:1008300000237B62D7E908120B4613430CD0324BDE
:10084000D3F8E03023F44032D7F8C430D3F8B030D6
:100850002D491343C1F8E030D7F8C430D3E9002361
:1008600002F00073BB610023FB61D7E906120B465F
:1008700013430CD0244BD3F8E83023F01802D7F8F8
:10088000C430D3F8B43020491343C1F8E830D7F866
:10089000C430D3E9002302F080633B6100237B6115
:1008A000D7E904120B46134334D0D7F8C430D3F839
:1008B000A830B3F5001F05D1134B9B6A124A43F4CD
:1008C00000339362D7F8C430D3F8A830B3F5401F93
:1008D00008D1D7F8C4300833184601F0D9FD0346D3
:1008E00087F8D33097F8D330002B0FD1064BD3F8CD
:1008F000E43023F44012D7F8C430D3F8A8300249CA
:100900001343C1F8E43005E0000C024697F8D330F9
:1009100087F8D230D7F8C430D3E9002302F000635F
:10092000BB600023FB60D7E902120B4613433AD0A9
:10093000D7F8C430D3F88030B3F1007F0ED0B3F1D4
:10094000007F15D8002B17D0B3F1807F10D1274B33
:100950009B6A264A43F4003393620EE0D7F8C43012
:100960000833184601F094FD034687F8D33004E0BD
:10097000012387F8D33000E000BF97F8D330002B75
:100980000DD11A4BD3F8E03023F04072D7F8C430C1
:10099000D3F8803015491343C1F8E03003E097F8ED
:1009A000D33087F8D230D7F8C430D3E9002302F02F
:1009B00080533B6000237B60D7E900120B46134352
:1009C0000CD00A4BD3F8E83023F40042D7F8C430F7
:1009D000D3F8A43005491343C1F8E83097F8D23072
:1009E0001846D837BD46BDE8B08F00BF000C0246A0
:1009F00080B489B000AF7860A64B5B6BC3F308038B
:100A0000BB61A44B9B6A03F003037B61A14B9B6A10
:100A10001B0A03F00F0301333B619E4B9B6A1B09CA
:100A200003F00103FB609B4B9B6BDB08C3F30C03E0
:100A3000FA6802FB03F307EE903AF8EE677AC7ED27
:100A4000027A7B69032B62D07B69032B00F28180E1
:100A50007B69012B24D07B69022B7AD13B6907EE9D
:100A6000903AF8EE677ADFED8C6A86EEA77A894BCA
:100A70005B6BC3F3080307EE903AF8EE676A97EDF5
:100A8000026ADFED865AC6EE257A76EEA77AF7EE91
:100A9000006A77EEA67A67EE277AC7ED077A8FE0CD
:100AA0007C4B9B6803F40003002B05D0794B9B68BB
:100AB0001B0F03F00F0306E0764BD3F8F4301B0452
:100AC0001B0F03F00F03764A52F8233007EE903ADB
:100AD000F8EE676A3B6907EE903AF8EE677A86EEC1
:100AE000A77ABB6907EE903AF8EE676A97ED026A5B
:100AF000DFED6A5AC6EE257A76EEA77AF7EE006A3F
:100B000077EEA67A67EE277AC7ED077A58E03B6959
:100B100007EE903AF8EE677ADFED5F6A86EEA77A25
:100B20005C4B5B6BC3F3080307EE903AF8EE676A21
:100B300097ED026ADFED595AC6EE257A76EEA77A6E
:100B4000F7EE006A77EEA67A67EE277AC7ED077AA6
:100B500036E0504B9B6803F40003002B05D04D4B4F
:100B60009B681B0F03F00F0306E04A4BD3F8F430E9
:100B70001B041B0F03F00F03494A52F8233007EE02
:100B8000903AF8EE676A3B6907EE903AF8EE677ABA
:100B900086EEA77ABB6907EE903AF8EE676A97EDA2
:100BA000026ADFED3E5AC6EE257A76EEA77AF7EEB8
:100BB000006A77EEA67A67EE277AC7ED077A00BF5C
:100BC000344B9B6A03F48033002B17D0314B5B6BA3
:100BD0005B0A03F07F0307EE903AF8EE677AB7EE10
:100BE000007A37EE877AD7ED076AC6EE877AFCEE91
:100BF000E77A17EE902A7B681A6002E07B68002291
:100C00001A60244B9B6A03F40033002B17D0214B4E
:100C10005B6B1B0C03F07F0307EE903AF8EE677AEC
:100C2000B7EE007A37EE877AD7ED076AC6EE877A95
:100C3000FCEEE77A17EE902A7B685A6002E07B6848
:100C400000225A60134B9B6A03F48023002B17D0B9
:100C5000104B5B6B1B0E03F07F0307EE903AF8EE30
:100C6000677AB7EE007A37EE877AD7ED076AC6EE75
:100C7000877AFCEEE77A17EE902A7B689A6002E0AA
:100C80007B6800229A6000BF2437BD465DF8047B74
:100C9000704700BF000C02460024744B0000004661
:100CA0007CA8010880B489B000AF7860A64BDB6BEC
:100CB000C3F30803BB61A44BDB6A03F003037B614E
:100CC000A14BDB6A1B0A03F00F0301333B619E4B10
:100CD000DB6A1B0903F00103FB609B4B1B6CDB0809
:100CE000C3F30C03FA6802FB03F307EE903AF8EE45
:100CF000677AC7ED027A7B69032B62D07B69032B8D
:100D000000F281807B69012B24D07B69022B7AD190
:100D10003B6907EE903AF8EE677ADFED8C6A86EE73
:100D2000A77A894BDB6BC3F3080307EE903AF8EE22
:100D3000676A97ED026ADFED865AC6EE257A76EE8F
:100D4000A77AF7EE006A77EEA67A67EE277AC7ED04
:100D5000077A8FE07C4B9B6803F40003002B05D0DF
:100D6000794B9B681B0F03F00F0306E0764BD3F81B
:100D7000F4301B041B0F03F00F03764A52F82330A4
:100D800007EE903AF8EE676A3B6907EE903AF8EEA4
:100D9000677A86EEA77ABB6907EE903AF8EE676A43
:100DA00097ED026ADFED6A5AC6EE257A76EEA77AEB
:100DB000F7EE006A77EEA67A67EE277AC7ED077A34
:100DC00058E03B6907EE903AF8EE677ADFED5F6A2C
:100DD00086EEA77A5C4BDB6BC3F3080307EE903A11
:100DE000F8EE676A97ED026ADFED595AC6EE257A8A
:100DF00076EEA77AF7EE006A77EEA67A67EE277AA4
:100E0000C7ED077A36E0504B9B6803F40003002BD4
:100E100005D04D4B9B681B0F03F00F0306E04A4BB8
:100E2000D3F8F4301B041B0F03F00F03494A52F8A8
:100E3000233007EE903AF8EE676A3B6907EE903A86
:100E4000F8EE677A86EEA77ABB6907EE903AF8EE7D
:100E5000676A97ED026ADFED3E5AC6EE257A76EEB6
:100E6000A77AF7EE006A77EEA67A67EE277AC7EDE3
:100E7000077A00BF344BDB6A03F48033002B17D0B2
:100E8000314BDB6B5B0A03F07F0307EE903AF8EE21
:100E9000677AB7EE007A37EE877AD7ED076AC6EE43
:100EA000877AFCEEE77A17EE902A7B681A6002E0F8
:100EB0007B6800221A60244BDB6A03F40033002BAA
:100EC00017D0214BDB6B1B0C03F07F0307EE903A2E
:100ED000F8EE677AB7EE007A37EE877AD7ED076AD1
:100EE000C6EE877AFCEEE77A17EE902A7B685A60A6
:100EF00002E07B6800225A60134BDB6A03F4802314
:100F0000002B17D0104BDB6B1B0E03F07F0307EE9B
:100F1000903AF8EE677AB7EE007A37EE877AD7ED37
:100F2000076AC6EE877AFCEEE77A17EE902A7B68AE
:100F30009A6002E07B6800229A6000BF2437BD46B9
:100F40005DF8047B704700BF000C02460024744B20
:100F5000000000467CA8010880B489B000AF78602A
:100F6000A64B5B6CC3F30803BB61A44B1B6B03F084
:100F700003037B61A14B1B6B1B0A03F00F030133BF
:100F80003B619E4B1B6B1B0903F00103FB609B4BFA
:100F90009B6CDB08C3F30C03FA6802FB03F307EE58
:100FA000903AF8EE677AC7ED027A7B69032B62D03C
:100FB0007B69032B00F281807B69012B24D07B6944
:100FC000022B7AD13B6907EE903AF8EE677ADFEDB3
:100FD0008C6A86EEA77A894B5B6CC3F3080307EE35
:100FE000903AF8EE676A97ED026ADFED865AC6EE30
:100FF000257A76EEA77AF7EE006A77EEA67A67EEA4
:10100000277AC7ED077A8FE07C4B9B6803F40003D7
:10101000002B05D0794B9B681B0F03F00F0306E0F4
:10102000764BD3F8F4301B041B0F03F00F03764A02
:1010300052F8233007EE903AF8EE676A3B6907EE04
:10104000903AF8EE677A86EEA77ABB6907EE903A97
:10105000F8EE676A97ED026ADFED6A5AC6EE257A06
:1010600076EEA77AF7EE006A77EEA67A67EE277A31
:10107000C7ED077A58E03B6907EE903AF8EE677AD9
:10108000DFED5F6A86EEA77A5C4B5B6CC3F3080307
:1010900007EE903AF8EE676A97ED026ADFED595A6B
:1010A000C6EE257A76EEA77AF7EE006A77EEA67A94
:1010B00067EE277AC7ED077A36E0504B9B6803F45A
:1010C0000003002B05D04D4B9B681B0F03F00F0353
:1010D00006E04A4BD3F8F4301B041B0F03F00F0358
:1010E000494A52F8233007EE903AF8EE676A3B69B6
:1010F00007EE903AF8EE677A86EEA77ABB6907EEBC
:10110000903AF8EE676A97ED026ADFED3E5AC6EE56
:10111000257A76EEA77AF7EE006A77EEA67A67EE82
:10112000277AC7ED077A00BF344B1B6B03F480337B
:10113000002B17D0314B5B6C5B0A03F07F0307EE8B
:10114000903AF8EE677AB7EE007A37EE877AD7ED05
:10115000076AC6EE877AFCEEE77A17EE902A7B687C
:101160001A6002E07B6800221A60244B1B6B03F4B8
:101170000033002B17D0214B5B6C1B0C03F07F035B
:1011800007EE903AF8EE677AB7EE007A37EE877A94
:10119000D7ED076AC6EE877AFCEEE77A17EE902A5B
:1011A0007B685A6002E07B6800225A60134B1B6B1D
:1011B00003F48023002B17D0104B5B6C1B0E03F045
:1011C0007F0307EE903AF8EE677AB7EE007A37EED3
:1011D000877AD7ED076AC6EE877AFCEEE77A17EED4
:1011E000902A7B689A6002E07B6800229A6000BFC8
:1011F0002437BD465DF8047B704700BF000C0246F3
:101200000024744B000000467CA8010880B58EB015
:1012100000AFC7E90001D7E90023A2F580210B4305
:1012200045D19B4BD3F8F03003F440733B63984BAC
:10123000D3F8F03003F00203022B08D13B6BB3F577
:10124000807F04D14FF400437B6301F012B9904BCF
:10125000D3F8F03003F00063B3F1006F14D13B6BAF
:10126000B3F5007F10D18A4BD3F8F03003F08053F0
:10127000B3F1805F03D1FA237B6301F0FAB84FF436
:10128000FA437B6301F0F5B8814B1B6803F400332C
:10129000B3F5003F07D13B6BB3F5407F03D17D4BE6
:1012A0007B6301F0E6B800237B6301F0E2B8D7E985
:1012B0000023A2F500510B4351D1754BD3F8E43014
:1012C00003F0E0033B633B6B802B35D03B6B802B03
:1012D00041D83B6B602B2AD03B6B602B3BD83B6BE0
:1012E000402B09D03B6B402B35D83B6B002B0CD0EF
:1012F0003B6B202B12D02EE007F124031846FFF79A
:1013000077FB7B6A7B6301F0B4B807F118031846DA
:10131000FFF7C8FCBB697B6301F0ABB807F10C03B6
:101320001846FFF719FEFB687B6301F0A2B84BF685
:1013300080337B6301F09DB8554B1B6803F48063D9
:10134000B3F5806F03D1544B7B6301F092B8002357
:101350007B6301F08EB800237B6301F08AB8D7E984
:101360000023A2F580510B4326D1494BD3F8E4303A
:1013700003F400633B63464B1B6803F48063B3F5DF
:10138000806F06D13B6B002B03D1434B7B6301F095
:1013900070B83F4B1B6803F48063B3F5806F07D1CF
:1013A0003B6BB3F5006F03D13C4B7B6301F061B83D
:1013B00000237B6301F05DB8D7E90023A2F580111B
:1013C0000B4371D1324BD3F8E03003F040633B6301
:1013D0003B6BB3F1406F34D03B6BB3F1406F53D8EC
:1013E0003B6BB3F1006F0BD03B6BB3F1006F4BD88D
:1013F0003B6B002B16D03B6BB3F1806F09D043E001
:1014000007F124031846FFF7F3FABB6A7B6301F088
:1014100030B807F118031846FFF744FCFB697B63FB
:1014200001F027B81A4B1B6803F40053B3F5005FB3
:1014300003D11B4B7B6301F01CB800237B6301F0DD
:1014400018B8134B1B6803F02003202B18D1104B46
:101450009B6803F40003002B05D00D4B9B681B0E0B
:1014600003F00F0306E00A4BD3F8F4301B041B0E05
:1014700003F00F030B4A52F823307B6300F0F9BFEF
:1014800000237B6300F0F5BF00237B6300F0F1BF16
:10149000000C024620A107000024F40000127A008C
:1014A000006CDC027CA80108D7E90023A2F500113A
:1014B0000B437FD1A84BD3F8E43003F480433B6364
:1014C0003B6B002B65D1A44BD3F8E03003F04063B5
:1014D0003B633B6BB3F1406F34D03B6BB3F1406F78
:1014E00053D83B6BB3F1006F0BD03B6BB3F1006F84
:1014F0004BD83B6B002B16D03B6BB3F1806F09D000
:1015000043E007F124031846FFF772FABB6A7B63D6
:1015100000F0AFBF07F118031846FFF7C3FBFB69E4
:101520007B6300F0A6BF8C4B1B6803F40053B3F53C
:10153000005F03D1894B7B6300F09BBF00237B637B
:1015400000F097BF844B1B6803F02003202B18D1B9
:10155000814B9B6803F40003002B05D07E4B9B68F6
:101560001B0E03F00F0306E07B4BD3F8F4301B0493
:101570001B0E03F00F037A4A52F823307B6300F00E
:1015800078BF00237B6300F074BF00237B6300F00F
:1015900070BF3B6BB3F5804F08D107F124031846A9
:1015A000FFF726FA7B6A7B6300F063BF00237B634F
:1015B00000F05FBFD7E90023511E0B4336D1664BC5
:1015C000D3F8E03003F003033B633B6B002B04D103
:1015D000FEF722FC786300F04CBF3B6B012B04D17B
:1015E000FEF7EAFA786300F044BF5B4B1B6803F434
:1015F0008063B3F5806F06D13B6B022B03D1594B4F
:101600007B6300F036BF544BD3F8F03003F0020395
:10161000022B07D13B6B032B04D14FF400437B63B8
:1016200000F027BF00237B6300F023BFD7E900232E
:10163000111F0B4336D1484BD3F8E03003F0300391
:101640003B633B6B002B04D1FEF7D2FB786300F0C9
:1016500010BF3B6B102B04D1FEF7AEFA786300F09D
:1016600008BF3D4B1B6803F48063B3F5806F06D160
:101670003B6B202B03D13B4B7B6300F0FABE364B18
:10168000D3F8F03003F00203022B07D13B6B302B71
:1016900004D14FF400437B6300F0EBBE00237B6377
:1016A00000F0E7BED7E90023A2F108010B4336D1D1
:1016B000294BD3F8E03003F0C0033B633B6B002BB6
:1016C00004D1FEF795FB786300F0D3BE3B6B402B53
:1016D00004D1FEF771FA786300F0CBBE1E4B1B6895
:1016E00003F48063B3F5806F06D13B6B802B03D18D
:1016F0001C4B7B6300F0BDBE174BD3F8F03003F0FA
:101700000203022B07D13B6BC02B04D14FF40043E3
:101710007B6300F0AEBE00237B6300F0AABED7E976
:101720000023A2F110010B4341D10B4BD3F8E03061
:1017300003F440733B633B6B002B04D1FEF758FB73
:10174000786300F096BE3B6BB3F5807F0CD1FEF75B
:1017500033FA786300F08DBE000C0246006CDC02A8
:101760007CA801080024F400AA4B1B6803F48063E2
:10177000B3F5806F07D13B6BB3F5007F03D1A64B68
:101780007B6300F076BEA34BD3F8F03003F0020386
:10179000022B08D13B6BB3F5407F04D14FF40043DB
:1017A0007B6300F066BE00237B6300F062BED7E976
:1017B0000023A2F120010B4358D1964BD3F8E83017
:1017C00003F007033B633B6B002B04D1FEF738FBB0
:1017D000786300F04EBE3B6B012B04D1FEF7ECF9B1
:1017E000786300F046BE8B4B1B6803F48063B3F54F
:1017F000806F06D13B6B022B03D1874B7B6300F0DC
:1018000038BE844BD3F8F03003F00203022B07D12B
:101810003B6B032B04D14FF400437B6300F029BEE4
:101820007C4B1B6803F02003202B1BD13B6B042B4C
:1018300018D1784B9B6803F40003002B05D0754B3F
:101840009B681B0E03F00F0306E0724BD3F8F430D5
:101850001B041B0E03F00F03704A52F823307B6306
:1018600000F007BE00237B6300F003BED7E900232E
:10187000A2F500410B436CD1664BD3F8E83003F47A
:10188000E0433B633B6BB3F5805F04D1FEF794F913
:10189000786300F0EEBD3B6BB3F5005F08D107F154
:1018A00018031846FFF7FEF93B6A7B6300F0E1BDC1
:1018B0003B6B002B04D1FEF781FA786300F0D9BDB1
:1018C0003B6BB3F5A04F22D1524B1B6803F02003B2
:1018D000202B18D14F4B9B6803F40003002B05D03D
:1018E0004C4B9B681B0E03F00F0306E0494BD3F8EB
:1018F000F4301B041B0E03F00F03484A52F8233048
:101900007B6300F0B6BD00237B6300F0B2BD414BAA
:101910001B6803F40033B3F5003F07D13B6BB3F50D
:10192000405F03D13C4B7B6300F0A3BD394B1B6888
:1019300003F48063B3F5806F07D13B6BB3F5804F41
:1019400003D1354B7B6300F094BD00237B6300F033
:1019500090BDD7E90023A2F580310B4360D12D4B18
:10196000D3F8E43003F007033B633B6B042B4CD804
:1019700001A252F823F000BFB11901088D19010826
:101980009F190108BB190108C519010807F12403B3
:101990001846FFF72DF87B6A7B6300F06ABD07F1FC
:1019A0000C031846FFF7D8FA3B697B6300F061BD72
:1019B000FEF704FA786300F05CBD4BF680337B637E
:1019C00000F057BD134B1B6803F02003202B18D1E8
:1019D000104B9B6803F40003002B05D00D4B9B6854
:1019E0001B0E03F00F0306E00A4BD3F8F4301B0480
:1019F0001B0E03F00F03094A52F823307B6300F0FB
:101A000038BD00237B6300F034BD00237B6300F00E
:101A100030BD00BF000C02460024F4007CA8010881
:101A2000D7E90023A2F500310B4367D1A04BD3F8CF
:101A3000E83003F4E0233B633B6BB3F5802F36D0F3
:101A40003B6BB3F5802F55D83B6BB3F5403F29D0A6
:101A50003B6BB3F5403F4DD83B6BB3F5003F13D024
:101A60003B6BB3F5003F45D83B6B002B15D03B6B70
:101A7000B3F5803F3ED107F124031846FEF7B8FFC7
:101A80007B6A7B6300F0F5BC07F10C031846FFF797
:101A900063FA3B697B6300F0ECBCFEF78FF9786377
:101AA00000F0E7BC4BF680337B6300F0E2BC804B78
:101AB0001B6803F02003202B18D17D4B9B6803F497
:101AC0000003002B05D07A4B9B681B0E03F00F031D
:101AD00006E0774BD3F8F4301B041B0E03F00F0322
:101AE000744A52F823307B6300F0C3BC00237B634D
:101AF00000F0BFBC00237B6300F0BBBCD7E9002330
:101B0000A2F140010B434CD1694BD3F8E03003F410
:101B100040633B633B6B002B04D1FEF769F97863AC
:101B200000F0A7BC3B6BB3F5806F04D1FEF744F81F
:101B3000786300F09EBC5E4B1B6803F48063B3F5D2
:101B4000806F07D13B6BB3F5006F03D15A4B7B63BA
:101B500000F08FBC564B1B6803F02003202B1CD1D8
:101B60003B6BB3F5406F18D1514B9B6803F40003F6
:101B7000002B05D04E4B9B681B0E03F00F0306E0B5
:101B80004B4BD3F8F4301B041B0E03F00F03494AF0
:101B900052F823307B6300F06CBC00237B6300F0C1
:101BA00068BCD7E90023A2F180010B434CD1404B24
:101BB000D3F8E03003F440533B633B6B002B04D17C
:101BC000FEF716F9786300F054BC3B6BB3F5805F09
:101BD00004D1FDF7F1FF786300F04BBC344B1B6878
:101BE00003F48063B3F5806F07D13B6BB3F5005FFF
:101BF00003D1314B7B6300F03CBC2D4B1B6803F0E1
:101C00002003202B1CD13B6BB3F5405F18D1284B30
:101C10009B6803F40003002B05D0254B9B681B0E2B
:101C200003F00F0306E0224BD3F8F4301B041B0E25
:101C300003F00F031F4A52F823307B6300F019BCF6
:101C400000237B6300F015BCD7E90023A2F5807167
:101C50000B4357D1164BD3F8E83003F0C0033B6376
:101C60003B6BC02B2AD03B6BC02B48D83B6B802BE7
:101C70000DD03B6B802B42D83B6B002B03D03B6BD2
:101C8000402B11D03BE0FEF7DBF87863F1E3084B23
:101C90001B6803F48063B3F5806F02D1064B7B634E
:101CA000E7E300237B63E4E3FDF786FF7863E0E38B
:101CB000000C02467CA801080024F400A34B1B681A
:101CC00003F02003202B17D1A04B9B6803F40003E3
:101CD000002B05D09D4B9B681B0E03F00F0306E005
:101CE0009A4BD3F8F4301B041B0E03F00F03984AF1
:101CF00052F823307B63BCE300237B63B9E300230A
:101D00007B63B6E3D7E90023A2F580010B4347D1FB
:101D10008E4BD3F8E03003F440433B633B6B002B26
:101D200003D1FEF765F87863A3E33B6BB3F5804F0F
:101D300003D1FDF741FF78639BE3844B1B6803F4F9
:101D40008063B3F5806F06D13B6BB3F5004F02D1D2
:101D5000804B7B638DE37D4B1B6803F02003202BBE
:101D60001BD13B6BB3F5404F17D1784B9B6803F405
:101D70000003002B05D0754B9B681B0E03F00F036F
:101D800006E0724BD3F8F4301B041B0E03F00F0374
:101D90006F4A52F823307B636BE300237B6368E375
:101DA000D7E90023A2F500610B4364D1674BD3F858
:101DB000E83003F440733B633B6B002B20D1634B53
:101DC0001B6803F02003202B17D1604B9B6803F4A2
:101DD0000003002B05D05D4B9B681B0E03F00F0327
:101DE00006E05A4BD3F8F4301B041B0E03F00F032C
:101DF000574A52F823307B633BE300237B6338E38D
:101E0000524BD3F8F03003F00063B3F1006F12D1FE
:101E10003B6BB3F5807F0ED14C4BD3F8F03003F021
:101E20008053B3F1805F02D1FA237B6321E34FF447
:101E3000FA437B631DE3454B1B6803F48063B3F5F2
:101E4000806F06D13B6BB3F5007F02D1414B7B63C2
:101E50000FE33E4BD3F8F03003F00203022B07D11F
:101E60003B6BB3F5407F03D14FF400437B6300E34A
:101E700000237B63FDE2D7E90023A2F500710B4349
:101E80006AD1324BD3F8E83003F440633B633B6BD9
:101E9000002B20D12D4B1B6803F02003202B17D1E2
:101EA0002A4B9B6803F40003002B05D0274B9B684B
:101EB0001B0E03F00F0306E0244BD3F8F4301B0491
:101EC0001B0E03F00F03224A52F823307B63D0E24B
:101ED00000237B63CDE21D4BD3F8F03003F00063A9
:101EE000B3F1006F12D13B6BB3F5806F0ED1174B7E
:101EF000D3F8F03003F08053B3F1805F02D1FA23BE
:101F00007B63B6E24FF4FA437B63B2E20F4B1B688C
:101F100003F48063B3F5806F06D13B6BB3F5006FBC
:101F200002D10C4B7B63A4E2084BD3F8F03003F0F2
:101F30000203022B07D13B6BB3F5406F03D14FF483
:101F400000437B6395E200237B6392E2000C024630
:101F50007CA801080024F400D7E90023A2F58061E1
:101F60000B4347D19A4BD3F8E03003F440233B6353
:101F70003B6B002B03D1FDF73BFF786379E2944B79
:101F8000D3F8F03003F00063B3F1006F12D13B6B74
:101F9000B3F5802F0ED18E4BD3F8F03003F0805381
:101FA000B3F1805F02D1FA237B6362E24FF4FA431C
:101FB0007B635EE2864B1B6803F48063B3F5806F3E
:101FC00006D13B6BB3F5002F02D1824B7B6350E20D
:101FD0007F4BD3F8F03003F00203022B07D13B6BA9
:101FE000B3F5402F03D14FF400437B6341E200235C
:101FF0007B633EE2D7E9002302F178410B432DD108
:10200000734BD3F8E03003F040733B63704B1B68B5
:1020100003F40033B3F5003F05D13B6B002B02D135
:102020006C4B7B6325E23B6BB3F1807F07D107F1FB
:1020300024031846FEF7DCFCBB6A7B6319E23B6BAA
:10204000B3F1007F07D107F118031846FEF72AFE07
:10205000BB697B630DE200237B630AE2D7E90023BF
:10206000A2F500010B4356D1594BD3F8E03003F4ED
:1020700040133B633B6BB3F5401F28D03B6BB3F57C
:10208000401F45D83B6BB3F5001F13D03B6BB3F536
:10209000001F3DD83B6B002B04D03B6BB3F5801F7A
:1020A00004D035E0FDF7B8FE7863E2E1FDF784FD8A
:1020B0007863DEE1464B1B6803F48063B3F5806F01
:1020C00002D1444B7B63D4E100237B63D1E1404BDD
:1020D0001B6803F02003202B17D13D4B9B6803F4B2
:1020E0000003002B05D03A4B9B681B0E03F00F0337
:1020F00006E0374BD3F8F4301B041B0E03F00F033C
:10210000354A52F823307B63B3E100237B63B0E1AF
:1021100000237B63ADE1D7E9002302F17F410B434C
:102120005CD12B4BD3F8E03003F440333B633B6B83
:10213000B3F5403F28D03B6BB3F5403F45D83B6BF0
:10214000B3F5003F13D03B6BB3F5003F3DD83B6B7D
:10215000002B04D03B6BB3F5803F04D035E0FDF796
:1021600047FE786385E1FDF727FD786381E1184B31
:102170001B6803F48063B3F5806F02D1154B7B635A
:1021800077E100237B6374E1114B1B6803F02003AC
:10219000202B17D10E4B9B6803F40003002B05D0B6
:1021A0000B4B9B681B0E03F00F0306E0084BD3F8A4
:1021B000F4301B041B0E03F00F03074A52F82330C0
:1021C0007B6356E100237B6353E100237B6350E193
:1021D000000C02460024F4007CA80108D7E9002383
:1021E00002F17E410B4376D1A44BD3F8E83003F0E3
:1021F00018033B633B6B182B6AD801A252F823F0FB
:1022000065220108D1220108D1220108D12201084A
:10221000D1220108D1220108D1220108D1220108CE
:102220006D220108D1220108D1220108D122010822
:10223000D1220108D1220108D1220108D1220108AE
:1022400075220108D1220108D1220108D1220108FA
:10225000D1220108D1220108D1220108D12201088E
:102260008F220108FDF7ECFD786302E1FDF7A4FC85
:102270007863FEE0814B1B6803F48063B3F5806FE5
:1022800002D17F4B7B63F4E000237B63F1E07B4B67
:102290001B6803F02003202B17D1784B9B6803F4B5
:1022A0000003002B05D0754B9B681B0E03F00F033A
:1022B00006E0724BD3F8F4301B041B0E03F00F033F
:1022C000704A52F823307B63D3E000237B63D0E075
:1022D00000237B63CDE0D7E9002302F17C410B436F
:1022E00055D1664BD3F8E43003F440133B633B6BAA
:1022F000B3F5401F13D03B6BB3F5401F44D83B6B85
:10230000B3F5001F13D03B6BB3F5001F3CD83B6BFC
:10231000002B14D03B6BB3F5801F14D034E007F1D1
:1023200018031846FEF7BEFCFB697B63A1E007F1CA
:1023300024031846FEF75CFBBB6A7B6399E0FDF75C
:102340003BFC786395E04D4B1B6803F02003202B8A
:1023500017D14A4B9B6803F40003002B05D0474B71
:102360009B681B0E03F00F0306E0444BD3F8F430D8
:102370001B041B0E03F00F03424A52F823307B6309
:1023800077E000237B6374E000237B6371E0D7E98F
:10239000002302F170410B4331D1384BD3F8E830C0
:1023A00003F400433B63354BD3F8F03003F00203F2
:1023B000022B06D13B6B002B03D14FF400437B6310
:1023C00057E02E4BD3F8F03003F00063B3F1006F09
:1023D00012D13B6BB3F5004F0ED1284BD3F8F03040
:1023E00003F08053B3F1805F02D1FA237B6340E0B6
:1023F0004FF4FA437B633CE000237B6339E0D7E989
:102400000023A2F500210B4331D11C4BD3F8E4305B
:1024100003F440533B63194B1B6803F40053B3F5BB
:10242000005F05D13B6B002B02D1174B7B6320E093
:10243000124B1B6803F40053B3F5005F06D13B6BEE
:10244000B3F5805F02D1114B7B6312E00B4B1B682D
:1024500003F48063B3F5806F06D13B6BB3F5005F87
:1024600002D1074B7B6304E000237B6301E0002380
:102470007B637B6B18463837BD4680BD000C024637
:102480000024F4007CA80108006CDC0200366E0118
:1024900080B584B000AF7860474B1B68464A23F094
:1024A00080631360FCF7AEFAF86008E0FCF7AAFA64
:1024B0000246FB68D31A022B01D9032377E03E4B77
:1024C0001B6803F00063002BF0D13B4BDB6A23F465
:1024D000706323F003037A6811687A685268013ADE
:1024E00012020A4334491343CB62334BDA6B334B4A
:1024F00013407A689268013AC2F308017A68D26898
:10250000013A520292B211437A681269013A1204F6
:1025100002F4FE0211437A685269013A120602F08F
:10252000FE420A4324491343CB63234BDB6A23F067
:102530000C027B689B6920491343CB621E4BDA6A0D
:102540007B681B6A1C491343CB621B4BDB6A1A4A2C
:1025500023F01003D362184B1B6C23F47F4323F04A
:10256000F8037A68D269D200134913430B64124B03
:10257000DB6A114A43F01003D3620F4B1B680E4A0B
:1025800043F080631360FCF73DFAF86008E0FCF765
:1025900039FA0246FB68D31A022B01D9032306E05D
:1025A000054B1B6803F00063002BF0D00023184696
:1025B0001037BD4680BD00BF000C02460000808081
:1025C00080B584B000AF7860474B1B68464A23F063
:1025D00080531360FCF716FAF86008E0FCF712FA73
:1025E0000246FB68D31A022B01D9032377E03E4B46
:1025F0001B6803F00053002BF0D13B4B1B6B23F403
:10260000706323F003037A6811687A685268013AAC
:1026100012020A43344913430B63334B5A6C334B56
:1026200013407A689268013AC2F308017A68D26866
:10263000013A520292B211437A681269013A1204C5
:1026400002F4FE0211437A685269013A120602F05E
:10265000FE420A43244913434B64234B1B6B23F074
:102660000C027B689B69204913430B631E4B1A6B5A
:102670007B681B6A1C4913430B631B4B1B6B1A4A79
:1026800023F010031363184B9B6C23F47F4323F058
:10269000F8037A68D269D200134913438B64124B52
:1026A0001B6B114A43F0100313630F4B1B680E4A58
:1026B00043F080531360FCF7A5F9F86008E0FCF7DD
:1026C000A1F90246FB68D31A022B01D9032306E0C5
:1026D000054B1B6803F00053002BF0D00023184675
:1026E0001037BD4680BD00BF000C02460000808050
:1026F00080B586B000AFF860B9607A601F4B1B7878
:10270000012B01D1022334E01C4B01221A701B4B18
:1027100000225A604FF47A7000F070F80346FB759F
:10272000FB7D002B21D1154AFB689360144B3B6164
:10273000FB6823F00043012B04D17968B86800F0EE
:10274000A5F803E07968B86800F0DCF84FF47A7017
:1027500000F054F80346FB753B691A68FB6823F0E8
:102760000043DB431A403B691A60044B00221A7095
:10277000FB7D18461837BD4680BD00BF7C00002099
:102780002820024080B483B000AF0023FB710B4BC4
:102790009B6A002B0BDA094B094A9A60074B094ADE
:1027A0009A60064B9B6A002B01DA0123FB71FB79CF
:1027B00018460C37BD465DF8047B70470020024088
:1027C00023016745AB89EFCD80B483B000AF01230F
:1027D000FB71094B9B6A084A43F000439362064B26
:1027E0009B6A002B01DA0023FB71FB7918460C373A
:1027F000BD465DF8047B70470020024080B586B07E
:1028000000AF7860FCF7FEF878611E4B3B6110E08A
:102810007B68B3F1FF3F0CD0FCF7F4F802467B690C
:10282000D31A7A689A4202D97B68002B01D103231C
:1028300023E03B691B6803F44033002BE8D13B697C
:102840001A6842F2FA031340FB60FB68002B0AD0BF
:102850000D4B5A68FB6813430B4A53603B69FA6897
:102860001A60012309E03B691B6803F00103002B98
:1028700002D03B6901221A60002318461837BD4672
:1028800080BD00BF202002407C00002080B48BB0BF
:1028900000AF78603960042387F827307B683B629B
:1028A0003B68FB61164BBB61BB691B6843F00102CF
:1028B000BB691A60EFF310833B613B697B6172B6C1
:1028C00000BFFB691A683B6A1A603B6A04333B62CB
:1028D000FB690433FB6197F82730013B87F8273009
:1028E00097F82730002BECD17B69FB60FB6883F302
:1028F000108800BF00BF2C37BD465DF8047B7047D1
:102900002820024080B48BB000AF7860396020236B
:1029100087F827307B683B623B68FB61174BBB61E4
:10292000BB691B6843F4804343F00103BA69136039
:10293000EFF310833B613B697B6172B600BFFB69BB
:102940001A683B6A1A603B6A04333B62FB690433D2
:10295000FB6197F82730013B87F8273097F827303D
:10296000002BECD17B69FB60FB6883F3108800BF10
:1029700000BF2C37BD465DF8047B7047282002401D
:1029800080B586B000AF78603960334B1B78012B7F
:1029900001D102235CE0304B01221A702E4B002241
:1029A0005A604FF47A70FFF729FF0346FB75FB7DF1
:1029B000002B49D17B681B68274A9360274BFB603B
:1029C0007B681B6823F0004348F2040293420BD15A
:1029D0007B685B68184600F043F84FF47A70FFF7A5
:1029E0000DFF0346FB7525E03B684FF0FF321A6090
:1029F0007B689B683B6115E07B685B6819463869BA
:102A000000F054F84FF47A70FFF7F8FE0346FB75B8
:102A1000FB7D002B03D03B683A691A600AE03B69F2
:102A200001333B617B689A687B68DB6813443A69D1
:102A30009A42E1D3FB681A687B681B6823F0004365
:102A4000DB431A40FB681A60034B00221A70FB7DBF
:102A500018461837BD4680BD7C0000202820024063
:102A600080B485B000AF78600F4BFB607B6803F0EB
:102A70000103002B07D0FB681B6843F4803343F04D
:102A80000403FA6813607B6803F00203002B05D08F
:102A9000FB681B6843F4C032FB681A6000BF143740
:102AA000BD465DF8047B70472820024080B485B0A5
:102AB00000AF78603960144BFB603B6803F00103A2
:102AC000002B06D0FB681B6823F40062FB681A60C9
:102AD00005E0FB681B6843F40062FB681A60FB6852
:102AE0001B6823F4803323F0FA037A68D20013437F
:102AF00043F4803343F00203FA68136000BF1437D5
:102B0000BD465DF8047B70472820024080B489B040
:102B100000AF7860396000237B617B683B61C2E174
:102B20003B681A6801217B6901FA03F31340FB60DB
:102B30007B69BB61FB68002B00F0B2817B68554A62
:102B400093425DD17B681B68FB6101227B6902FABD
:102B500003F3DB43FA691340FB613B685B6803F0F6
:102B600001027B6902FA03F3FA691343FB617B6894
:102B7000FA691A60484A7B6952F833303B61464A29
:102B80007B69DB0013445B68BB61BB69DA083B69A6
:102B9000083253F82230FB61BB6903F007039B0046
:102BA0000F2202FA03F3DB43FA691340FB61BB69AE
:102BB00003F007039B000B2202FA03F3FA691343A5
:102BC000FB61BB69DA083B690832F96943F82210F6
:102BD0003B691B68FB61BB695B00032202FA03F3DC
:102BE000DB43FA691340FB61BB695B00022202FA16
:102BF00003F3FA691343FB613B69FA691A6067E002
:102C00003B685B68022B03D03B685B68122B45D1A5
:102C10007B69DA087B68083253F82230FB617B69F4
:102C200003F007039B000F2202FA03F3DB43FA6968
:102C30001340FB613B681B6903F00F027B6903F0E3
:102C400007039B0002FA03F3FA691343FB617B69F4
:102C5000DA087B680832F96943F822103B691B687F
:102C6000FB61BB695B00032202FA03F3DB43FA69F1
:102C70001340FB613B685B6803F00302BB695B00C8
:102C800002FA03F3FA691343FB613B69FA691A60BC
:102C90001EE000BF00000246BCA801083B691B689B
:102CA000FB61BB695B00032202FA03F3DB43FA69B1
:102CB0001340FB613B685B6803F00302BB695B0088
:102CC00002FA03F3FA691343FB613B69FA691A607C
:102CD0003B685B68012B0BD03B685B68022B07D01D
:102CE0003B685B68112B03D03B685B68122B30D1CB
:102CF0003B699B68FB61BB695B00032202FA03F33B
:102D0000DB43FA691340FB613B68DA68BB695B002F
:102D100002FA03F3FA691343FB613B69FA699A60AB
:102D20003B695B68FB610122BB6902FA03F3DB4389
:102D3000FA691340FB613B685B681B0903F0010201
:102D4000BB6902FA03F3FA691343FB613B69FA6951
:102D50005A603B685B68032B07D13B685B68032BB9
:102D60001BD13B689B68012B17D03B69DB68FB617B
:102D7000BB695B00032202FA03F3DB43FA691340E9
:102D8000FB613B689A68BB695B0002FA03F3FA696E
:102D90001343FB613B69FA69DA603B685B6803F0E7
:102DA0008053002B7CD0474A7B699B08183352F82C
:102DB0002330FB617B6903F00303DB000F2202FA7F
:102DC00003F3DB43FA691340FB617B689A0A3E4BCD
:102DD00013407A6902F00302D2009340FA69134368
:102DE000FB6138497B699B081833FA6941F8232055
:102DF000344B1B68FB61FB68DB43FA691340FB61E2
:102E00003B685B6803F48013002B03D0FA69FB680E
:102E10001343FB612B4AFB6913602A4B5B68FB6120
:102E2000FB68DB43FA691340FB613B685B6803F4B2
:102E30000013002B03D0FA69FB681343FB61214A9E
:102E4000FB6953601F4BD3F88430FB61FB68DB43A5
:102E5000FA691340FB613B685B6803F40033002BA5
:102E600003D0FA69FB681343FB61164AFB69C2F899
:102E70008430144BD3F88030FB61FB68DB43FA6984
:102E80001340FB613B685B6803F48033002B03D085
:102E9000FA69FB681343FB610A4AFB69C2F8803098
:102EA0007B6901337B613B681A687B6922FA03F313
:102EB000002B7FF435AE00BF00BF2437BD465DF860
:102EC000047B7047002002467F7F2F0080B485B0CE
:102ED00000AF78600B467B807B681A697B88134063
:102EE000002B02D00123FB7301E00023FB73FB7B6B
:102EF00018461437BD465DF8047B704780B483B034
:102F000000AF78600B467B8013467B707B78002B8C
:102F100003D07A887B689A6102E07A887B689A623B
:102F200000BF0C37BD465DF8047B704780B485B0A8
:102F300000AF7860394BDB6B03F44033BB60BA6899
:102F40007B689A420BD17B68B3F5803F05D9334B40
:102F5000DB68324A43F48023D360002357E07B6868
:102F6000B3F5803F0AD92D4BDB6823F4E0227B6860
:102F700013432A4A43F48023D36007E0274BDB68DE
:102F800023F4E02225497B681343CB60244B1B6864
:102F9000244AA2FB03239B09322202FB03F3214AAA
:102FA000A2FB03239B090133FB6002E0FB68013BAA
:102FB000FB601A4BDB6803F40043002B02D1FB6873
:102FC000002BF3D1FB68002B1BD0154B1B68154A57
:102FD000A2FB03239B09322202FB03F3114AA2FB4B
:102FE00003239B090133FB6002E0FB68013BFB60AC
:102FF0000A4BDB6B03F40043002B02D1FB68002B70
:10300000F3D1FB68002B01D1032300E00023184615
:103010001437BD465DF8047B704700BF00080246C8
:1030200070000020D34D621080B400AF044BDB6B06
:1030300003F440331846BD465DF8047B704700BF7B
:103040000008024680B400AF054B1B68044A43F0F9
:103050000103136000231846BD465DF8047B7047EA
:103060000004034080B582B000AF0023FB71144B15
:103070000222DA60124B1B68114A23F0010313602D
:10308000FBF7C0FC38600FE0FBF7BCFC02463B6876
:10309000D31A012B08D90A4B1B6803F00103002B3C
:1030A00002D00323FB7105E0054B1B6803F001030D
:1030B000002BE9D1FB7918460837BD4680BD00BF1B
:1030C0000004034080B582B000AF0A4B5B6803F098
:1030D0000103002B05D1074B1B68064A43F002038E
:1030E000136000F009F80346FB71FB7918460837B6
:1030F000BD4680BD0004034080B582B000AF002310
:10310000FB71144B5B6803F00103002B19D0FBF734
:1031100079FC38600FE0FBF775FC02463B68D31A78
:10312000012B08D90B4B5B6803F00203002B02D183
:103130000323FB7105E0074B5B6803F00203002BE0
:10314000E9D0044B0222DA60FB7918460837BD4605
:1031500080BD00BF0004034080B584B000AF78603C
:103160007B68002B01D10123FBE07B681B687F4A51
:10317000934204D07B681B687D4A934200E000BF05
:103180007B6800229A627B681B68784A934204D06D
:103190007B681B68764A934205D17B68DB680F2BFE
:1031A00001D90123DDE0786800F02EFFF8607B682C
:1031B0001B686E4A934204D07B681B686C4A93423A
:1031C00002D1FB68082B16D87B681B68694A9342BA
:1031D0000ED07B681B68684A934209D07B681B68E5
:1031E000664A934204D07B681B68654A934204D1C7
:1031F000FB68102B01D90123B3E07B6893F8893079
:10320000DBB2002B06D17B68002283F88820786827
:10321000EFF70AFC7B68022283F889207B681B6831
:103220001A687B681B6822F001021A607B681B68C1
:103230009B6803F4F813BB607B689B69B3F1806FF4
:1032400019D17B685B68B3F5800F03D17B689B6BFA
:10325000002B08D07B685B68002B0CD17B689B6BD4
:10326000B3F1805F07D17B681B681A687B681B68B5
:1032700042F480521A607B685B6803F48003002B81
:103280000FD07B68DB68062B0BD97B681B681B683B
:1032900023F480717B681A6D7B681B680A431A608F
:1032A00007E07B681B681A687B681B6822F48072E1
:1032B0001A607B68DA697B689B6A1A43BB681A43A9
:1032C0007B68DB6B42EA03017B68DA687B681B681A
:1032D0000A439A607B685A6B7B685B6A1A437B6817
:1032E0009B6B1A437B689B691A437B681B691A4373
:1032F0007B685B691A437B681B6A1A437B685B685F
:103300001A437B68DB6C1A437B689B681A437B68B3
:103310009B6C1A437B689B6D1A437B68DB6D42EAAA
:1033200003017B681A6E7B681B680A43DA607B685E
:103330005B6803F48003002B0AD07B681B68DB68A2
:1033400023F000417B685A6D7B681B680A43DA6092
:103350007B680022C3F88C207B68012283F88920D7
:10336000002318461037BD4680BD00BF0020004630
:10337000002000560030014000300150003800406D
:103380000038005080B588B002AFF860B9603B608B
:103390001346FB80FB681B6820337B61FB681B685E
:1033A000904A9342FBF72EFB3861FB6893F8893013
:1033B000DBB2012B01D00223F4E1BB68002B02D069
:1033C000FB88002B01D10123ECE1FB6893F88830E6
:1033D000012B01D10223E5E1FB68012283F888205B
:1033E000FB68032283F88920FB680022C3F88C2045
:1033F000FB68BA685A66FB68FA88A3F86820FB681D
:10340000FA88A3F86A20FB680022DA66FB680022CB
:10341000A3F87020FB680022A3F87220FB6800224A
:10342000DA67FB6800229A67FB689B68B3F5C02FD8
:1034300008D1FB681B681A68FB681B6842F40062CD
:103440001A6009E0FB681B68DB6823F4C022FB6894
:103450001B6842F40032DA60FB681B685B681B0C77
:103460001B04F988FA6812680B435360FB681B68F9
:103470001A68FB681B6842F001021A60FB681B684F
:10348000DB6903F40013002B0CD1FB685B68B3F518
:10349000800F07D1FB681B681A68FB681B6842F441
:1034A00000721A60FB68DB680F2B5BD9FB681B6836
:1034B0004D4A93424FD0FB681B684C4A93424AD016
:1034C000FB681B684A4A934245D0FB681B68494A1F
:1034D000934247D13FE0FB681B685B6903F002033E
:1034E000022B14D1FB685A6EFB681B6812681A62C3
:1034F000FB685B6E1A1DFB685A66FB68B3F86A309E
:103500009BB2013B9AB2FB68A3F86A2023E0FBF769
:1035100079FA02463B69D31A3A689A4203D83B6863
:10352000B3F1FF3F02D13B68002B14D1F86800F0E3
:103530009DFCFB68D3F88C3043F48072FB68C3F8C1
:103540008C20FB68012283F88920FB68002283F825
:103550008820032326E1FB68B3F86A309BB2002B76
:10356000B9D1F9E0FB68DB68072B40F2EE8067E039
:10357000FB681B685B6903F00203022B3CD1FB680C
:10358000B3F86A309BB2012B18D9FB68DB6B002BB8
:1035900014D0FB685A6EFB681B6812681A62FB68DD
:1035A0005B6E1A1DFB685A66FB68B3F86A309BB203
:1035B000023B9AB2FB68A3F86A2041E0FB685B6EAD
:1035C0001A887B691A80FB685B6E9A1CFB685A66D6
:1035D000FB68B3F86A309BB2013B9AB2FB68A3F870
:1035E0006A202DE0002000460030014000300150EC
:1035F0000038004000380050FBF704FA02463B69EF
:10360000D31A3A689A4203D83B68B3F1FF3F02D11C
:103610003B68002B14D1F86800F028FCFB68D3F855
:103620008C3043F48072FB68C3F88C20FB68012265
:1036300083F88920FB68002283F888200323B1E007
:10364000FB68B3F86A309BB2002B91D184E0FB6831
:103650001B685B6903F00203022B52D1FB68B3F8CD
:103660006A309BB2032B18D9FB68DB6B402B14D953
:10367000FB685A6EFB681B6812681A62FB685B6E17
:103680001A1DFB685A66FB68B3F86A309BB2043BAC
:103690009AB2FB68A3F86A2057E0FB68B3F86A3077
:1036A0009BB2012B17D9FB68DB6B002B13D0FB6897
:1036B0005B6E1A887B691A80FB685B6E9A1CFB68DC
:1036C0005A66FB68B3F86A309BB2023B9AB2FB6859
:1036D000A3F86A2039E0FB685A6EFB681B68203348
:1036E00012781A70FB685B6E5A1CFB685A66FB689E
:1036F000B3F86A309BB2013B9AB2FB68A3F86A2028
:1037000023E0FBF77FF902463B69D31A3A689A42F5
:1037100003D83B68B3F1FF3F02D13B68002B14D1C3
:10372000F86800F0A3FBFB68D3F88C3043F4807298
:10373000FB68C3F88C20FB68012283F88920FB68B2
:10374000002283F8882003232CE0FB68B3F86A305A
:103750009BB2002B7FF47BAF3B6900933B68002258
:103760000821F86800F022FC0346002B07D0FB6814
:10377000D3F88C3043F02002FB68C3F88C20F86843
:1037800000F074FBFB68012283F88920FB680022AB
:1037900083F88820FB68D3F88C30002B01D00123FC
:1037A00000E0002318461837BD4680BD80B58EB0B6
:1037B00002AFF860B9607A607B80FB681B682033D9
:1037C0007B62FB681B6830333B62FB68DB6B5B0929
:1037D0009BB20133FB83FB681B68904A9342FBF763
:1037E00011F9B8617B887B857B883B85FB6893F802
:1037F0008930DBB2012B01D0022332E3BB68002BFE
:1038000005D07B68002B02D07B88002B01D10123DF
:1038100027E3FB6893F88830012B01D1022320E3D2
:10382000FB68012283F88820FB68052283F8892041
:10383000FB680022C3F88C20FB687A68DA66FB68B4
:103840007A88A3F87220FB687A88A3F87020FB6856
:10385000BA685A66FB687A88A3F86A20FB687A8897
:10386000A3F86820FB6800229A67FB680022DA67E9
:10387000FB681B68DA68FB681B6822F4C022DA6008
:10388000FB681B68664A93420ED0FB681B68654A5A
:10389000934209D0FB681B68634A934204D0FB68DB
:1038A0001B68624A934202D11023FB6201E00823A5
:1038B000FB62FB681B685B681B0C1B047988FA6859
:1038C00012680B435360FB681B681A68FB681B682F
:1038D00042F001021A60FB681B68DB6903F4001305
:1038E000002B0CD1FB685B68B3F5800F07D1FB6838
:1038F0001B681A68FB681B6842F400721A60FB6858
:10390000DB680F2B40F2C180FB681B68444A93427E
:103910000FD0FB681B68434A93420AD0FB681B68C0
:10392000414A934205D0FB681B68404A934240F0ED
:10393000AC80FB6A9B08FB629EE0FB681B685B69CE
:1039400003F00203022B20D17B8D002B1DD03A8D7A
:10395000798DFB6A0B449A4217D2FB685A6EFB685A
:103960001B6812681A62FB685B6E1A1DFB685A6658
:10397000FB68B3F86A309BB2013B9AB2FB68A3F8CC
:103980006A20FB68B3F86A307B85FB681B685B695B
:103990007B613B8D002B6FD0FB681B685B6903F07C
:1039A0000103012B18D1FB681A68FB68DB6E126BF0
:1039B0001A60FB68DB6E1A1DFB68DA66FB68B3F8F9
:1039C00072309BB2013B9AB2FB68A3F87220FB688D
:1039D000B3F872303B854FE03A8DFB8B9A4227D289
:1039E0007B6903F40043002B22D0FB681A68FB6854
:1039F000DB6E126B1A60FB68DB6E1A1DFB68DA6601
:103A0000FB68B3F872309BB2013B9AB2FB68A3F833
:103A10007220FB68B3F872303B852DE00020004631
:103A200000300140003001500038004000380050A4
:103A3000FAF7E8FF0246BB69D31ABA6B9A4203D879
:103A4000BB6BB3F1FF3F02D1BB6B002B14D1F86805
:103A500000F00CFAFB68D3F88C3043F48072FB68FA
:103A6000C3F88C20FB68012283F88920FB680022C0
:103A700083F888200323F4E17B8D002B7FF45DAF76
:103A80003B8D002B7FF459AFC5E1FB68DB68072B4A
:103A900040F2B981FB6A5B08FB62C0E0FB681B680F
:103AA0005B6903F00203022B1FD17B8D002B1CD01E
:103AB0003A8D798DFB6A0B449A4216D2FB685B6E95
:103AC0001A887B6A1A80FB685B6E9A1CFB685A66D0
:103AD000FB68B3F86A309BB2013B9AB2FB68A3F86B
:103AE0006A20FB68B3F86A307B85FB681B685B69FA
:103AF0007B613B8D002B00F09280FB681B685B694B
:103B000003F00103012B18D1FB68DB6E3A6A1288BF
:103B100092B21A80FB68DB6E9A1CFB68DA66FB685F
:103B2000B3F872309BB2013B9AB2FB68A3F87220E3
:103B3000FB68B3F872303B8571E03A8DFB8B9A429B
:103B400028D27B6903F40043002B23D0FB68DB6E93
:103B50003A6A128892B21A80FB68DB6E9A1CFB6884
:103B6000DA66FB68DB6E3A6A128892B21A80FB68EA
:103B7000DB6E9A1CFB68DA66FB68B3F872309BB2A6
:103B8000023B9AB2FB68A3F87220FB68B3F872306C
:103B90003B8544E03B8D012B1DD17B6903F4005331
:103BA000002B18D0FB68DB6E3A6A128892B21A803A
:103BB000FB68DB6E9A1CFB68DA66FB68B3F8723050
:103BC0009BB2013B9AB2FB68A3F87220FB68B3F882
:103BD00072303B8523E0FAF715FF0246BB69D31A22
:103BE000BA6B9A4203D8BB6BB3F1FF3F02D1BB6BF8
:103BF000002B14D1F86800F039F9FB68D3F88C3049
:103C000043F48072FB68C3F88C20FB68012283F8C0
:103C10008920FB68002283F88820032321E17B8D23
:103C2000002B7FF43BAF3B8D002B7FF437AFF2E0EE
:103C3000FB681B685B6903F00203022B21D17B8DBB
:103C4000002B1ED03A8D798DFB6A0B449A4218D214
:103C5000FB685A6EFB681B68203312781A70FB6889
:103C60005B6E5A1CFB685A66FB68B3F86A309BB2FD
:103C7000013B9AB2FB68A3F86A20FB68B3F86A308C
:103C80007B85FB681B685B697B613B8D002B00F0CB
:103C9000BA80FB681B685B6903F00103012B1BD131
:103CA000FB681B6803F13002FB68DB6E1278D2B24E
:103CB0001A70FB68DB6E5A1CFB68DA66FB68B3F8A7
:103CC00072309BB2013B9AB2FB68A3F87220FB688A
:103CD000B3F872303B8596E03A8DFB8B9A424AD21C
:103CE0007B6903F40043002B45D0FB681B6803F19C
:103CF0003002FB68DB6E1278D2B21A70FB68DB6EA2
:103D00005A1CFB68DA66FB681B6803F13002FB682B
:103D1000DB6E1278D2B21A70FB68DB6E5A1CFB683D
:103D2000DA66FB681B6803F13002FB68DB6E127811
:103D3000D2B21A70FB68DB6E5A1CFB68DA66FB684D
:103D40001B6803F13002FB68DB6E1278D2B21A7086
:103D5000FB68DB6E5A1CFB68DA66FB68B3F87230EE
:103D60009BB2043B9AB2FB68A3F87220FB68B3F8DD
:103D700072303B8547E03B8D032B20D87B6903F4F1
:103D8000C043002B1BD0FB681B6803F13002FB68AB
:103D9000DB6E1278D2B21A70FB68DB6E5A1CFB68BD
:103DA000DA66FB68B3F872309BB2013B9AB2FB68EB
:103DB000A3F87220FB68B3F872303B8523E0FAF772
:103DC00021FE0246BB69D31ABA6B9A4203D8BB6B79
:103DD000B3F1FF3F02D1BB6B002B14D1F86800F0A8
:103DE00045F8FB68D3F88C3043F48072FB68C3F865
:103DF0008C20FB68012283F88920FB68002283F86D
:103E0000882003232DE07B8D002B7FF411AF3B8DA9
:103E1000002B7FF40DAFBB690093BB6B0022082120
:103E2000F86800F0C3F80346002B07D0FB68D3F80E
:103E30008C3043F02002FB68C3F88C20F86800F057
:103E400015F8FB68012283F88920FB68002283F8BB
:103E50008820FB68D3F88C30002B01D0012300E0D0
:103E6000002318463037BD4680BD00BF80B485B002
:103E700000AF78607B681B685B69FB607B681B68D0
:103E80009A697B681B6842F008029A617B681B682C
:103E90009A697B681B6842F010029A617B681B6814
:103EA0001A687B681B6822F001021A607B681B6835
:103EB0001B697A68126823F45B7323F003031361B0
:103EC0007B681B689A687B681B6822F440429A6092
:103ED0007B6893F88930DBB2042B14D0FB6803F0C5
:103EE0002003002B0FD07B68D3F88C3043F0800286
:103EF0007B68C3F88C207B681B689A697B681B68A9
:103F000042F020029A617B6893F88930DBB2032B80
:103F100014D0FB6803F04003002B0FD07B68D3F86C
:103F20008C3043F004027B68C3F88C207B681B68EC
:103F30009A697B681B6842F040029A61FB6803F44F
:103F40000073002B0FD07B68D3F88C3043F0010254
:103F50007B68C3F88C207B681B689A697B681B6848
:103F600042F400729A61FB6803F48073002B0FD057
:103F70007B68D3F88C3043F008027B68C3F88C2050
:103F80007B681B689A697B681B6842F480729A613F
:103F90007B680022A3F86A207B680022A3F87220C5
:103FA00000BF1437BD465DF8047B704780B584B010
:103FB00000AFF860B9603B601346FB7110E0FAF7A0
:103FC00021FD0246BB69D31A3A689A4203D83B687E
:103FD000B3F1FF3F02D13B68002B01D103230FE077
:103FE000FB681B685A69BB681340BA689A420CBFE9
:103FF00001230023DBB21A46FB799A42DFD000236B
:1040000018461037BD4680BD80B485B000AF7860DB
:104010007B68DB6B5B090133FB607B68DB6801332A
:10402000BB60BB680733DB08BB60BB68FA6802FB98
:1040300003F318461437BD465DF8047B704780B41F
:1040400083B000AF786039607B6893F88930DBB269
:10405000012B2ED17B6893F88830012B01D10223EC
:1040600028E07B68012283F888207B68022283F89D
:1040700089207B681B681A687B681B6822F0010234
:104080001A603B681A683B685B6803F4702342EA75
:1040900003013B689A687B681B680A43DA617B68A6
:1040A000012283F889207B68002283F8882000237E
:1040B00000E0012318460C37BD465DF8047B7047CD
:1040C00080B582B000AF78607B68002B01D10123FE
:1040D00042E07B68D3F88830002B06D17B68002251
:1040E00083F884207868EEF72FFD7B682422C3F8DC
:1040F00088207B681B681A687B681B6822F00102B5
:104100001A607B689B6A002B02D0786800F05AFA2C
:10411000786800F0BFF80346012B01D101231BE0B2
:104120007B681B685A687B681B6822F490425A605F
:104130007B681B689A687B681B6822F02A029A6079
:104140007B681B681A687B681B6842F001021A6072
:10415000786800F0D9FA034618460837BD4680BD96
:1041600080B58AB002AFF860B9603B601346FB804F
:10417000FB68D3F88830202B40F08680BB68002B8A
:1041800002D0FB88002B01D101237EE0FB680022D6
:10419000C3F89020FB682122C3F88820FAF732FC8C
:1041A0007861FB68FA88A3F85420FB68FA88A3F8C2
:1041B0005620FB689B68B3F5805F08D1FB681B69DC
:1041C000002B04D10023FB61BB68BB6103E0BB682B
:1041D000FB610023BB613AE03B6800937B690022EE
:1041E0008021F86800F03AFB0346002B05D0FB68FD
:1041F0002022C3F88820032347E0FB69002B0BD162
:10420000BB691B881A46FB681B68C2F308029A62E6
:10421000BB690233BB6107E0FB691A78FB681B6866
:104220009A62FB690133FB61FB68D3F8883003F0C5
:104230002103212B09D1FB68B3F856309BB2013B17
:104240009AB2FB68A3F8562001E001231DE0FB6849
:10425000B3F856309BB2002BBED13B6800937B690C
:1042600000224021F86800F0F9FA0346002B05D03F
:10427000FB682022C3F88820032306E0FB68202285
:10428000C3F88820002300E0022318462037BD46EB
:1042900080BD00002DE9B04F94B000AFF86200235C
:1042A00087F84730FB6A1A689B4B9A42FB6A9A6808
:1042B000FB6A1B691A43FB6A5B691A43FB6ADB6989
:1042C0001343FB64FB6A1B681B6894491940FB6A33
:1042D0001A68FB6C0B431360FB6A1B685B6823F472
:1042E0004050FB6AD968FB6A1A6840EA01035360D0
:1042F000FB6A9B69FB64FB6A1A68874B9A4209D088
:10430000FB6A1A68864B9A4204D0FB6A1A6AFB6CF5
:104310001343FB64FB6A1B689B6823F06E4121F426
:104320003061FB6A1A68FB6C0B439360FB6A1B6885
:10433000DB6A23F00F00FB6A596AFB6A1A6840EADD
:104340000103D362FB6A1A68764B9A4202D10123B9
:10435000BB6421E0FB6A1A68734B9A4202D10423C2
:10436000BB6419E0FB6A1A68704B9A4202D10823B9
:10437000BB6411E0FB6A1A686D4B9A4202D11023AC
:10438000BB6409E0FB6A1A68634B9A4202D120239E
:10439000BB6401E00023BB64FB6A1A685E4B9A426F
:1043A00004D0FB6A1A685E4B9A4272D1BB6C002241
:1043B0003B627A62D7E90801FCF728FF38643B6C5E
:1043C000002B00F0E780FB6A5B6A5A4A32F8133030
:1043D0001A463B6CB3FBF2F37B63FB6A5A681346E5
:1043E0005B0013447A6B9A4205D3FB6A5B681B033C
:1043F0007A6B9A4203D9012387F8473048E03B6C37
:104400000022BB61FA61FB6A5B6A4A4A32F81330E8
:104410009BB200223B617A61D7E90423D7E9060108
:10442000ECF766FB02460B46104619464FF00002B9
:104430004FF000030B0243EA10630202F96A496875
:10444000490800200C46054612EB040843EB050919
:10445000FB6A5B680022BB60FA60D7E90223404632
:104460004946ECF745FB02460B461346FB63FB6BE4
:10447000B3F5407F08D3FB6BB3F5801F04D2FB6A12
:104480001B68FA6BDA6003E0012387F8473081E0AC
:1044900080E0FB6ADB69B3F5004F4DD1BB6C0022B5
:1044A0003B607A60D7E90001FCF7B0FE38643B6CF2
:1044B000002B6FD0FB6A5B6A1E4A32F813301A4633
:1044C0003B6CB3FBF2F35A00FB6A5B685B081A446F
:1044D000FB6A5B68B2FBF3F3FB63FB6B0F2B16D934
:1044E000FB6BB3F5803F12D2FB6B9BB223F00F0343
:1044F0007B87FB6B5B089BB203F007039AB27B8F51
:1045000013437B87FB6A1B687A8FDA6042E00123E2
:1045100087F847303EE000BF00240046F369FFCF34
:10452000002400560038014000480040004C004084
:10453000005000403CA90108BB6C00229A469346FB
:1045400050465946FCF762FE38643B6C002B21D084
:10455000FB6A5B6A1A4A32F813301A463B6CB3FBAB
:10456000F2F2FB6A5B685B081A44FB6A5B68B2FBA9
:10457000F3F3FB63FB6B0F2B09D9FB6BB3F5803FA8
:1045800005D2FB6B9AB2FB6A1B68DA6002E001237A
:1045900087F84730FB6A0122A3F86A20FB6A0122F0
:1045A000A3F86820FB6A00225A67FB6A00229A6718
:1045B00097F8473018465037BD46BDE8B08F00BF6A
:1045C0003CA9010880B483B000AF78607B689B6A27
:1045D00003F00803002B0AD07B681B685B6823F498
:1045E00000417B689A6B7B681B680A435A607B6852
:1045F0009B6A03F00103002B0AD07B681B685B6891
:1046000023F400317B68DA6A7B681B680A435A60CE
:104610007B689B6A03F00203002B0AD07B681B684F
:104620005B6823F480317B681A6B7B681B680A43E4
:104630005A607B689B6A03F00403002B0AD07B68F6
:104640001B685B6823F480217B685A6B7B681B685E
:104650000A435A607B689B6A03F01003002B0AD060
:104660007B681B689B6823F480517B68DA6B7B68EE
:104670001B680A439A607B689B6A03F02003002B47
:104680000AD07B681B689B6823F400517B681A6C16
:104690007B681B680A439A607B689B6A03F040034F
:1046A000002B1AD07B681B685B6823F480117B6841
:1046B0005A6C7B681B680A435A607B685B6CB3F575
:1046C000801F0AD17B681B685B6823F4C0017B688C
:1046D0009A6C7B681B680A435A607B689B6A03F08C
:1046E0008003002B0AD07B681B685B6823F40021E1
:1046F0007B68DA6C7B681B680A435A6000BF0C3722
:10470000BD465DF8047B704780B598B002AF786015
:104710007B680022C3F89020FAF774F978657B680B
:104720001B681B6803F00803082B2FD16FF07E4332
:1047300000937B6D00224FF40011786800F08EF832
:104740000346002B22D07B681B68BB63BB6B53E81E
:10475000003F7B637B6B23F080033B657B681B68BA
:104760001A463B6D7B643A64396C7A6C41E80023ED
:10477000FB63FB6B002BE6D17B682022C3F888200B
:104780007B68002283F88420032363E07B681B6836
:104790001B6803F00403042B49D16FF07E430093A0
:1047A0007B6D00224FF48001786800F057F80346D3
:1047B000002B3CD07B681B687B627B6A53E8003F20
:1047C0003B623B6A23F49073FB647B681B681A4668
:1047D000FB6C3B63FA62F96A3A6B41E80023BB6207
:1047E000BB6A002BE6D17B681B6808333B613B69E1
:1047F00053E8003FFB60FB6823F00103BB647B6868
:104800001B680833BA6CFA61BB61B969FA6941E89F
:1048100000237B617B69002BE5D17B682022C3F8F4
:104820008C207B68002283F88420032312E07B68BD
:104830002022C3F888207B682022C3F88C207B6864
:104840000022DA667B6800221A677B68002283F800
:104850008420002318465837BD4680BD80B584B0FB
:1048600000AFF860B9603B601346FB714FE0BB6975
:10487000B3F1FF3F4BD0FAF7C5F802463B68D31AB5
:10488000BA699A4202D3BB69002B01D103234EE0DF
:10489000FB681B681B6803F00403002B37D0BB6860
:1048A000802B34D0BB68402B31D0FB681B68DB69A0
:1048B00003F00803082B10D1FB681B6808221A625A
:1048C000F86800F038F8FB680822C3F89020FB680D
:1048D000002283F88420012329E0FB681B68DB6940
:1048E00003F40063B3F5006F11D1FB681B684FF44C
:1048F00000621A62F86800F01EF8FB682022C3F814
:104900009020FB68002283F8842003230FE0FB68DB
:104910001B68DA69BB681340BA689A420CBF01236E
:104920000023DBB21A46FB799A42A0D00023184636
:104930001037BD4680BD80B495B000AF78607B680D
:104940001B687B637B6B53E8003F3B633B6B23F44B
:104950009073FB647B681B681A46FB6C3B64FA63CC
:10496000F96B3A6C41E80023BB63BB6B002BE6D1CB
:104970007B681B6808333B623B6A53E8003FFB617E
:10498000FB6923F0805323F00103BB647B681B6841
:104990000833BA6CFA62BB62B96AFA6A41E800236A
:1049A0007B627B6A002BE3D17B68DB6E012B18D125
:1049B0007B681B68FB60FB6853E8003FBB60BB681B
:1049C00023F010037B647B681B681A467B6CBB6119
:1049D0007A617969BA6941E800233B613B69002B40
:1049E000E6D17B682022C3F88C207B680022DA663F
:1049F0007B6800225A6700BF5437BD465DF8047BD0
:104A0000704780B485B000AF78607B6893F88430DD
:104A1000012B01D1022327E07B68012283F8842047
:104A20007B682422C3F888207B681B681B68FB60B6
:104A30007B681B681A687B681B6822F001021A6099
:104A4000FB6823F00053FB607B6800225A667B689A
:104A50001B68FA681A607B682022C3F888207B688C
:104A6000002283F88420002318461437BD465DF8E1
:104A7000047B704780B584B000AF786039607B6894
:104A800093F88430012B01D102232DE07B680122B1
:104A900083F884207B682422C3F888207B681B6805
:104AA0001B68FB607B681B681A687B681B6822F0C8
:104AB00001021A607B681B689B6823F060417B6879
:104AC0001B683A680A439A60786800F04FF87B6880
:104AD0001B68FA681A607B682022C3F888207B680C
:104AE000002283F88420002318461037BD4680BD7D
:104AF00080B584B000AF786039607B6893F884300B
:104B0000012B01D102232DE07B68012283F8842050
:104B10007B682422C3F888207B681B681B68FB60C5
:104B20007B681B681A687B681B6822F001021A60A8
:104B30007B681B689B6823F060617B681B683A6830
:104B40000A439A60786800F011F87B681B68FA687D
:104B50001A607B682022C3F888207B68002283F8D3
:104B60008420002318461037BD4680BD80B485B030
:104B700000AF78607B685B6E002B08D17B680122F8
:104B8000A3F86A207B680122A3F8682031E008239B
:104B9000FB730823BB737B681B689B685B0EDBB2EF
:104BA00003F007037B737B681B689B685B0FDBB2BA
:104BB00003F007033B73BB7B3A7B11498A5C02FB22
:104BC00003F33A7B0F498A5C93FBF2F39AB27B685A
:104BD000A3F86A20FB7B7A7B09498A5C02FB03F31A
:104BE0007A7B08498A5C93FBF2F39AB27B68A3F85C
:104BF000682000BF1437BD465DF8047B704700BFD6
:104C000054A901085CA90108F8B500BFF8BC08BCAC
:104C10009E467047F8B500BFF8BC08BC9E4670477A
:104C20006869676873636F726500000000000000C8
:104C30000000000000000000000000000000000074
:104C4000C92D00080000000053686F772074686564
:104C500020746872656520626573742073636F7277
:104C600065733B20276869676873636F726520729C
:104C7000657365742720636C656172732074686561
:104C80006D00000000000000737461727400000089
:104C90000000000000000000000000000000000014
:104CA00000000000000000009D2D00080000000032
:104CB00050726573732073746172743A2062656711
:104CC000696E7320612072756E2066726F6D20743C
:104CD0006865206D656E7500000000000000000032
:104CE00000000000000000000000000000000000C4
:104CF00073656C6563740000000000000000000034
:104D000000000000000000000000000000000000A3
:104D1000E52C000800000000546865206D656E7584
:104D20003B202773656C6563742075702720616E66
:104D300064202773656C65637420646F776E272029
:104D40006D6F76652074686520637572736F72008D
:104D50000000000000000000627574746F6E0000B7
:104D60000000000000000000000000000000000043
:104D70000000000000000000B92C00080000000046
:104D800050726573732074686520626F617264206D
:104D9000627574746F6E3A2073746172742C20683B
:104DA000616E64206F76657220746F207468652070
:104DB00041492C206F72206C6F6F70000000000062
:104DC0006F7474000000000000000000000000008C
:104DD00000000000000000000000000000000000D3
:104DE000A9BA0008000000005363686564756C652B
:104DF00020616E206F6E2D7461726765742074651A
:104E000073743A206F7474203C6E616D653E202887
:104E1000276F747427206C69737473207468656DD0
:104E20002900000000000000726573657400000036
:104E30000000000000000000000000000000000072
:104E4000000000000000000049B800080000000059
:104E50005265626F6F742074686520626F6172645E
:104E600020696E746F206E6F6D696E616C206D6F5E
:104E70006465000000000000000000000000000069
:104E80000000000000000000000000000000000022
:104E900068656C7000000000000000000000000069
:104EA0000000000000000000000000000000000002
:104EB000EDDD0008000000004C69737420616C6C2B
:104EC00020636F6D6D616E64730000000000000070
:104ED00000000000000000000000000000000000D2
:104EE00000000000000000000000000000000000C2
:104EF0000000000000000000706167653A20257323
:104F0000000000006F6E00006F666600646F776ED1
:104F1000000000006C65667400000000726967683C
:104F2000740000002773656C65637420757027201A
:104F30006F722027646F776E2720746F206D6F76F5
:104F4000652C20276C6566742720746F20676F209E
:104F50006261636B0000000073656C656374656477
:104F60003A20257300000000656E646C6573733A27
:104F7000202573007265736574000000636F756CA3
:104F800064206E6F7420657261736520746865209B
:104F900073746F7265642073636F726573000000D1
:104FA000686967682073636F72657320636C6561FD
:104FB0007265640025733A00202025752E20256C2B
:104FC00075000000276869676873636F72652072F7
:104FD000657365742720636C6561727320626F74FA
:104FE000682E00006F6E202D20612066696E697347
:104FF0006865642072756E207374617274732074B6
:105000006865206E657874206F6E6500202D2061C4
:105010006C6C206C6576656C7320636C6561726581
:1050200064000000656E646C657373206D6F646569
:105030002025730025732073637265656E00000080
:10504000202025732072756E20256C753A206C65C2
:1050500076656C202575202D202575206C69766578
:10506000732C20256C7520706F696E7473000000BE
:105070002020256C7520706F696E7473206F6E2010
:105080006C6576656C202575257300004D6963722B
:105090006F506163436F6E74726F6C6C65724D61BB
:1050A0006E20626F6F7465642E20547970652027BE
:1050B0006F74742720666F722074657374732C206C
:1050C0002772657365742720746F2072657374612D
:1050D0007274207468652067616D652E00000000A1
:1050E00074686520686172647761726520524E470A
:1050F00020646964206E6F7420636F6D6520757025
:105100003A2074696D696E67732077696C6C206EE4
:105110006F742076617279202846522D3034342FF6
:1051200046522D30343529007465737420636F6DD9
:10513000706C65746520E280942074686520626FED
:105140006172642069732069646C652E20547970E3
:1051500065202772657365742720746F20737461EE
:105160007274207468652067616D652E0000000010
:105170006C6F6164696E67006D656E75000000009C
:1051800067616D6500000000636C617373696300A3
:1051900072616E646F6D0000706C61796572000001
:1051A0006D617A6500000000656E646C6573730064
:1051B000696E6F75745F6167656E7420213D204E66
:1051C000554C4C002F686F6D652F6D61782F446FC3
:1051D00063756D656E74732F50726F6A656B74655D
:1051E0002F4D6963726F506163436F6E74726F6CA1
:1051F0006C65724D616E2F4669726D776172652FB5
:105200004170702F6167656E742F6167656E742ED3
:1052100063000000696E5F6167656E7420213D2048
:105220004E554C4C00000000696E5F706C617966F1
:1052300069656C6420213D204E554C4C00000000F7
:10524000696E5F6C6576656C203E3D20444946463C
:105250004943554C54595F46495253545F4C455647
:10526000454C00002F686F6D652F6D61782F446F7E
:1052700063756D656E74732F50726F6A656B7465BC
:105280002F4D6963726F506163436F6E74726F6C00
:105290006C65724D616E2F4669726D776172652F14
:1052A0004170702F646966666963756C74792F64E8
:1052B0006966666963756C74792E63006F75745FD7
:1052C000646966666963756C747920213D204E556A
:1052D0004C4C0000696E6F75745F67616D652D3EA3
:1052E0006C69766573203E20305500002F686F6D25
:1052F000652F6D61782F446F63756D656E74732FC4
:1053000050726F6A656B74652F4D6963726F50617F
:1053100063436F6E74726F6C6C65724D616E2F4675
:1053200069726D776172652F4170702F67616D656D
:105330002F67616D652E6300737461747573203D12
:105340003D204D53475F42524F4B45525F535441AE
:105350005455535F4F4B00006F75745F636C6F6EF5
:105360006520213D204E554C4C000000696E5F7356
:105370006F7572636520213D204E554C4C00000036
:105380006F75745F636C6F6E6520213D20696E5F81
:10539000736F757263650000696E6F75745F676126
:1053A0006D6520213D204E554C4C00006F75745F9B
:1053B000636F6E66696720213D204E554C4C00009E
:1053C000696E5F636F6E66696720213D204E554CA4
:1053D0004C000000696E5F67616D6520213D204EC5
:1053E000554C4C006F75745F737461746520213D7A
:1053F000204E554C4C000000696E5F696E64657804
:10540000203C202875696E74385F742947484F53D3
:10541000545F434F554E5400696E6F75745F6C69ED
:1054200073742D3E636F756E74203C204D53475F3F
:10543000444953504C41595F4954454D5F4D415883
:10544000000000002F686F6D652F6D61782F446F2D
:1054500063756D656E74732F50726F6A656B7465DA
:105460002F4D6963726F506163436F6E74726F6C1E
:105470006C65724D616E2F4669726D776172652F32
:105480004170702F67616D655F766965772F676121
:105490006D655F766965772E63000000696E5F69F0
:1054A0006E646578203C2047414D455F564945571D
:1054B0005F4855445F4954454D5F434F554E540036
:1054C000315550004C4556454C0000004C4F4F5054
:1054D00000000000696E5F7669657720213D204EEF
:1054E000554C4C00696E5F636F6C756D6E203C208F
:1054F000504C41594649454C445F57494454480033
:10550000696E5F726F77203C20504C415946494587
:105510004C445F484549474854000000696E6F7528
:10552000745F7669657720213D204E554C4C000014
:10553000696E5F6D617020213D204E554C4C00001E
:10554000696E5F737461746520213D204E554C4C2B
:10555000000000006F75745F7820213D204E554C8F
:105560004C0000006F75745F7920213D204E554C32
:105570004C0000006F75745F6C69737420213D20CE
:105580004E554C4C00000000202000004149000016
:10559000696E6F75745F67686F737420213D204E6C
:1055A000554C4C002F686F6D652F6D61782F446FDF
:1055B00063756D656E74732F50726F6A656B746579
:1055C0002F4D6963726F506163436F6E74726F6CBD
:1055D0006C65724D616E2F4669726D776172652FD1
:1055E0004170702F67686F73742F67686F73742EC4
:1055F00063000000696E5F706572736F6E616C6945
:105600007479203C2047484F53545F434F554E54C4
:1056100000000000696E5F67686F737420213D2091
:105620004E554C4C0000000066616C736500000034
:105630002F686F6D652F6D61782F446F63756D6591
:105640006E74732F50726F6A656B74652F4D69634A
:10565000726F506163436F6E74726F6C6C65724DE4
:10566000616E2F4669726D776172652F4170702F80
:1056700067686F73745F706174682F67686F7374A5
:105680005F706174682E6300696E5F69735F626545
:105690007474657220213D204E554C4C0000000072
:1056A000696E5F7461626C65203C20484947485FC1
:1056B00053434F52455F5441424C455F434F554E13
:1056C000540000002F686F6D652F6D61782F446F57
:1056D00063756D656E74732F50726F6A656B746558
:1056E0002F4D6963726F506163436F6E74726F6C9C
:1056F0006C65724D616E2F4669726D776172652FB0
:105700004170702F686967685F73636F72652F6897
:105710006967685F73636F72652E6300696E5F69A6
:105720006E646578203C20484947485F53434F5298
:10573000455F434F554E5400696E5F6D6178696DEA
:10574000756D203E3D20696E5F6D696E696D756D8A
:10575000000000002F686F6D652F6D61782F446F1A
:1057600063756D656E74732F50726F6A656B7465C7
:105770002F4D6963726F506163436F6E74726F6C0B
:105780006C65724D616E2F4669726D776172652F1F
:105790004170702F6D617A655F67656E2F6D617AFC
:1057A000655F67656E2E6300696E5F696E6465781C
:1057B000203E3D20300000006E657874203E3D2084
:1057C00030000000617474656D7074203C204D41A0
:1057D000585F415454454D50545300006F75745FE9
:1057E0006D617020213D204E554C4C00696E6F75E7
:1057F000745F7061636D616E20213D204E554C4C8D
:10580000000000002F686F6D652F6D61782F446F69
:1058100063756D656E74732F50726F6A656B746516
:105820002F4D6963726F506163436F6E74726F6C5A
:105830006C65724D616E2F4669726D776172652F6E
:105840004170702F7061636D616E2F7061636D6167
:105850006E2E6300696E5F7061636D616E20213D25
:10586000204E554C4C0000002F686F6D652F6D6108
:10587000782F446F63756D656E74732F50726F6A05
:10588000656B74652F4D6963726F506163436F6E12
:1058900074726F6C6C65724D616E2F4669726D77B4
:1058A0006172652F4170702F7061636D616E5F6C06
:1058B0006F6F6B61686561642F7061636D616E5FAE
:1058C0006C6F6F6B61686561642E6300696E5F6405
:1058D00065707468203E203055000000696E5F647A
:1058E00065707468203C3D205041434D414E5F4CF3
:1058F0004F4F4B41484541445F4D41585F444550EF
:1059000054480000696E5F7469636B5F6275646719
:105910006574203E20305500696E5F736C69636565
:105920005F7469636B73203E203055006F75745F40
:105930007265706F727420213D204E554C4C0000F2
:105940006F75745F7765696768747320213D204EB9
:10595000554C4C00696E6F75745F706C6179666947
:10596000656C6420213D204E554C4C002F686F6DB6
:10597000652F6D61782F446F63756D656E74732F3D
:1059800050726F6A656B74652F4D6963726F5061F9
:1059900063436F6E74726F6C6C65724D616E2F46EF
:1059A00069726D776172652F4170702F706C6179CB
:1059B0006669656C642F706C61796669656C642ECC
:1059C00063000000696E5F726F777320213D204E87
:1059D000554C4C00726F7720213D204E554C4C00A9
:1059E00073746172745F636F756E74203D3D2050F7
:1059F0004C41594649454C445F47484F53545F43D7
:105A00004F554E5400000000696E6F75745F706CE6
:105A100061796669656C642D3E72656D61696E6958
:105A20006E675F70656C6C65745F636F756E742014
:105A30003E20305500000000696E5F696E64657835
:105A4000203C20504C41594649454C445F47484F03
:105A500053545F434F554E5400000000696E5F6918
:105A60006E646578203C20534341545445525F4353
:105A70004F524E45525F434F554E5400232323232C
:105A800023232323232323232323232323232323E6
:105A9000232323232323232300000000232E2E2E41
:105AA0002E2E2E2E2E2E2E2E2E23232E2E2E2E2E2C
:105AB0002E2E2E2E2E2E2E2300000000232E2323EA
:105AC00023232E23232323232E23232E2323232385
:105AD000232E232323232E2300000000236F2323C0
:105AE00023232E23232323232E23232E2323232365
:105AF000232E232323236F2300000000232E2E2E8A
:105B00002E2E2E2E2E2E2E2E2E2E2E2E2E2E2E2EB5
:105B10002E2E2E2E2E2E2E2300000000232E232389
:105B200023232E23232E23232323232323232E2324
:105B3000232E232323232E2300000000232E2E2E8A
:105B40002E2E2E23232E2E2E2E23232E2E2E2E23AC
:105B5000232E2E2E2E2E2E2300000000232323235F
:105B600023232E2323232323202323202323232300
:105B7000232E232323232323000000002323232376
:105B800023232E23232020202020302020202023E8
:105B9000232E232323232323000000002323232356
:105BA00023232E232320232323444423232320237E
:105BB000232E232323232323000000002323232336
:105BC00023232E23232023484848484848232023C2
:105BD000232E232323232323000000005454545452
:105BE00054542E202020233248314833482320208B
:105BF000202E5454545454540000000023232323D3
:105C000023232E232320232323232323232320235F
:105C1000232E2323232323230000000023232323D5
:105C200023232E2323202020202020202020202357
:105C3000232E23232323232300000000236F2E2E53
:105C400023232E2E2E2E2E2E2E50202E2E2E2E2E76
:105C50002E2E23232E2E6F23000000002323232E1D
:105C600023232E23232E23232323232323232E23E3
:105C7000232E23232E23232300000000232E23235F
:105C800023232323232323232E23232E23232323CE
:105C90002323232323232E2300000000696E5F7338
:105CA00070726974652D3E7769647468203C3D208C
:105CB00052454E4445525F5350524954455F4D4101
:105CC000585F53495A4500002F686F6D652F6D610D
:105CD000782F446F63756D656E74732F50726F6AA1
:105CE000656B74652F4D6963726F506163436F6EAE
:105CF00074726F6C6C65724D616E2F4669726D7750
:105D00006172652F4170702F72656E6465722F72BB
:105D1000656E6465722E6300696E5F73707269747C
:105D2000652D3E686569676874203C3D2052454E8C
:105D30004445525F5350524954455F4D41585F535B
:105D4000495A4500696E5F6C69737420213D204E8D
:105D5000554C4C006163746F725F696E64657820A6
:105D60003C204D53475F4143544F525F434F554E84
:105D70005400000073636F726520213D204E554C26
:105D80004C0000002F686F6D652F6D61782F446F98
:105D900063756D656E74732F50726F6A656B746591
:105DA0002F4D6963726F506163436F6E74726F6CD5
:105DB0006C65724D616E2F4669726D776172652FE9
:105DC0004170702F73636F72652F73636F72652EEE
:105DD00063000000696E5F6D736720213D204E55A2
:105DE0004C4C0000696E6F75745F73636F72652051
:105DF000213D204E554C4C00696E6F75745F627288
:105E00006F6B657220213D204E554C4C0000000008
:105E1000696E5F73636F726520213D204E554C4C57
:105E20000000000020202020202020202020200012
:105E3000484947482053434F524553005041432D52
:105E40004D414E00594F552057494E0047414D4551
:105E5000204F5645520000004E45572048494748BC
:105E60002053434F524500002F686F6D652F6D61C1
:105E7000782F446F63756D656E74732F50726F6AFF
:105E8000656B74652F4D6963726F506163436F6E0C
:105E900074726F6C6C65724D616E2F4669726D77AE
:105EA0006172652F4170702F7368656C6C2F736819
:105EB000656C6C2E63000000706C617920636C610E
:105EC0007373696300000000706C61792072616E09
:105ED000646F6D00616920636C61737369630000B6
:105EE00061692072616E646F6D000000504C415911
:105EF00000000000434C41535349430052414E447B
:105F00004F4D0000454E444C455353204F464600EC
:105F1000454E444C455353204F4E0000696E5F6917
:105F200064203C205350524954455F5345545F49C7
:105F3000445F434F554E54002F686F6D652F6D6160
:105F4000782F446F63756D656E74732F50726F6A2E
:105F5000656B74652F4D6963726F506163436F6E3B
:105F600074726F6C6C65724D616E2F4669726D77DD
:105F70006172652F4170702F7370726974655F7301
:105F800065742F7370726974655F7365742E630036
:105F9000696E5F636861726163746572203D3D2064
:105FA00027202700696E5F70616C65747465203C02
:105FB000205350524954455F5345545F50414C451E
:105FC0005454455F434F554E540000003232313136
:105FD0003131323200000000323131313131313271
:105FE0000000000031313131313131310000000029
:105FF000323232313132323200000000323232324B
:106000003232323232323232323232320000000038
:10601000323131313131313100000000323232322F
:10602000323131310000000032323232313131321E
:1060300000000000323232313131323200000000D3
:1060400032323131313232320000000032313131FE
:1060500032323232000000003232313132323131EC
:1060600000000000323232313131313200000000A4
:1060700032323232313132320000000032313132CC
:1060800032323131000000003231313132313131C0
:106090000000000032323131313131320000000075
:1060A000323131323132313100000000323232329D
:1060B000313232320000000032323131313131318F
:1060C0000000000032313132323131320000000044
:1060D000323131323232323200000000323232326A
:1060E000323231310000000032313132323131315F
:1060F0000000000032313131313132320000000015
:10610000323131323131313200000000323131323E
:106110003131313100000000323231313131323130
:1061200000000000323131313232313100000000E4
:10613000323131313132313100000000323231310F
:1061400032323232000000003231313231313232FB
:1061500000000000323131313132323200000000B3
:1061600032323231313131310000000032323131DE
:1061700032313132000000003232323232313132CB
:106180000000000032313132323231320000000082
:1061900032313131323231320000000032313232AC
:1061A000313131310000000032313232323231319E
:1061B0000000000032323132323131320000000052
:1061C0003232313132323132000000002E2E2E2E8A
:1061D0002E2E2E2E2E2E2E2E2E2E2E2E0000000097
:1061E0002E2E2E2E2E2E313131312E2E2E2E2E2EC3
:1061F000000000002E2E2E2E31313131313131315F
:106200002E2E2E2E000000002E2E2E313131313157
:1062100031313131312E2E2E000000002E2E313141
:10622000313131313131313131312E2E0000000028
:106230002E2E3131313232313132323131312E2E56
:10624000000000002E313131313232313132323101
:106250003131312E000000002E31313131313131F8
:10626000313131313131312E000000002E313132E7
:1062700032313132323131323231312E00000000D0
:106280002E31323131323231313232313132312EFE
:10629000000000002E313131312E313131312E31BB
:1062A0003131312E000000002E2E31312E2E2E31B4
:1062B000312E2E2E31312E2E000000002E31312EA7
:1062C0003131312E2E3131312E31312E000000008E
:1062D0002E312E2E2E31312E2E31312E2E2E312ECC
:1062E000000000002E2E2E2E333331313131333366
:1062F0002E2E2E2E000000002E2E2E323333323161
:1063000031323333322E2E2E000000002E2E313249
:10631000323232313132323232312E2E0000000030
:106320002E2E3131323231313131323231312E2E65
:10633000000000002E2E3132323131313132323113
:1063400031312E2E000000002E2E32323232313109
:106350003232323231312E2E000000002E2E3333F5
:10636000323231313333323231312E2E00000000DF
:106370002E31333332323131333332323131312E07
:10638000000000002E3131323231313131323231C0
:106390003131312E000000002E31313232323231B3
:1063A000313232323231312E000000002E313132A2
:1063B00033333231313233333231312E0000000089
:1063C0002E31313133333131313133333131312EBB
:1063D000000000002E2E3131313232313131313274
:1063E00032312E2E000000002E2E31313232323268
:1063F0003131323232322E2E000000002E2E313159
:10640000323233333131323233332E2E000000003A
:106410002E31313132323333313132323333312E66
:10642000000000002E313131313232313131313220
:106430003231312E000000002E2E2E31312E2E2E24
:106440002E2E31312E2E2E2E000000002E2E313118
:10645000312E2E2E2E2E3131312E2E2E0000000008
:106460002E2E313131312E2E2E313131312E2E2E34
:10647000000000002E31313131312E2E2E313131DC
:1064800031312E2E000000002E3131313131312ECC
:106490003131313131312E2E000000002E313131B9
:1064A000313131313131313131312E2E00000000A6
:1064B0002E2E31313131313131313131312E2E2EDB
:1064C000000000002E2E2E31313131313131313189
:1064D0002E2E2E2E000000002E2E2E2E2E3131318B
:1064E00031312E2E2E2E2E2E000000002E2E2E2E7E
:1064F000313131313131313131312E2E0000000056
:106500002E2E2E2E2E2E2E313131313131312E2E96
:10651000000000002E2E2E2E2E2E2E2E2E2E31314D
:1065200031312E2E000000002E3131313131313128
:106530003131312E2E2E2E2E000000002E31313121
:10654000313131312E2E2E2E2E2E2E2E0000000017
:106550002E313131312E2E2E2E2E2E2E2E2E2E2E4F
:10656000000000002E31312E2E2E2E2E2E2E2E2EFD
:1065700031312E2E000000002E3131312E2E2E2EE4
:106580002E2E2E3131312E2E000000002E313131D1
:10659000312E2E2E2E2E313131312E2E00000000C4
:1065A0002E2E2E2E2E313131313131312E2E2E2EF6
:1065B000000000002E2E2E2E2E2E313131313131A1
:1065C000312E2E2E000000002E2E2E2E2E2E2E319D
:1065D00031313131312E2E2E000000002E2E2E2E84
:1065E0002E2E2E2E3131313131312E2E0000000071
:1065F0002E2E2E2E2E2E2E2E2E31313131312E2EAC
:10660000000000002E2E2E313131313131312E2E4D
:106610002E2E2E2E000000002E2E31313131313140
:10662000312E2E2E2E2E2E2E000000002E2E313139
:10663000313131312E2E2E2E2E2E2E2E0000000026
:106640002E3131313131312E2E2E2E2E2E2E2E2E58
:10665000000000002E31313131312E2E2E2E2E2E03
:106660002E2E2E2E00000000696E6F75745F66720C
:10667000616D6562756666657220213D204E554CE0
:106680004C0000002F686F6D652F6D61782F446F8F
:1066900063756D656E74732F50726F6A656B746588
:1066A0002F4D6963726F506163436F6E74726F6CCC
:1066B0006C65724D616E2F4669726D776172652FE0
:1066C00053657276696365732F7370726974652F91
:1066D0007370726974652E6300000000696E5F73E9
:1066E000707269746520213D204E554C4C000000AD
:1066F000696E5F7370726974652D3E726F77732077
:10670000213D204E554C4C00696E5F70616C657484
:10671000746520213D204E554C4C00007069786511
:106720006C7320213D204E554C4C0000675F69730F
:106730005F696E697469616C697A65640000000064
:106740002F686F6D652F6D61782F446F63756D6570
:106750006E74732F50726F6A656B74652F4D696329
:10676000726F506163436F6E74726F6C6C65724DC3
:10677000616E2F4669726D776172652F4273702F5B
:1067800064696F5F6273702F64696F5F6273702EEC
:1067900063000000696E5F70696E203E2044494FBF
:1067A0005F4253505F50494E5F4E4F4E45000000D0
:1067B000696E5F70696E203C2044494F5F425350C0
:1067C0005F50494E5F4C415354000000675F706951
:1067D0006E5F6D61705B696E5F70696E5D2E706F6C
:1067E000727420213D204E554C4C000066616C7344
:1067F00065203D3D20675F69735F696E69746961FB
:106800006C697A65640000002875696E7433325FC4
:1068100074292875696E747074725F74295F5F6E75
:10682000766D5F73697A655F5F203E3D20464C411F
:1068300053485F4253505F424C4F434B5F53495A5A
:10684000450000002F686F6D652F6D61782F446FD4
:1068500063756D656E74732F50726F6A656B7465C6
:106860002F4D6963726F506163436F6E74726F6C0A
:106870006C65724D616E2F4669726D776172652F1E
:106880004273702F666C6173685F6273702F666C01
:106890006173685F6273702E630000002870727607
:1068A0005F6765745F706167655F6164647265737B
:1068B000732829202520464C4153485F50414745C5
:1068C0005F53495A4529203D3D20305500000000C6
:1068D0006F75745F626C6F636B20213D204E554C69
:1068E0004C000000696E5F626C6F636B5F73697A66
:1068F00065203D3D20464C4153485F4253505F4226
:106900004C4F434B5F53495A45000000696E5F622C
:106910006C6F636B20213D204E554C4C00000000F5
:10692000696E5F6B6579203C204A4F595354494347
:106930004B5F4B45595F434F554E54002F686F6D69
:10694000652F6D61782F446F63756D656E74732F5D
:1069500050726F6A656B74652F4D6963726F506119
:1069600063436F6E74726F6C6C65724D616E2F460F
:1069700069726D776172652F4273702F6A6F7973D8
:106980007469636B2F6A6F79737469636B2E63002C
:106990004E4F52544800000045415354000000003F
:1069A000534F555448000000574553540000000011
:1069B00043454E5445520000696E5F6275666665D8
:1069C0007220213D204E554C4C0000002F686F6D09
:1069D000652F6D61782F446F63756D656E74732FCD
:1069E00050726F6A656B74652F4D6963726F506189
:1069F00063436F6E74726F6C6C65724D616E2F467F
:106A000069726D776172652F4273702F7265746160
:106A1000696E5F72616D2F72657461696E5F72611C
:106A20006D2E6300696E5F6275666665725F73697D
:106A30007A65203D3D2052455441494E5F52414DBB
:106A40005F4255464645525F53495A450000000093
:106A50006F75745F62756666657220213D204E55C4
:106A60004C4C00002F686F6D652F6D61782F446F5F
:106A700063756D656E74732F50726F6A656B7465A4
:106A80002F4D6963726F506163436F6E74726F6CE8
:106A90006C65724D616E2F4669726D776172652FFC
:106AA0004273702F7370695F6273702F7370695FC8
:106AB0006273702E63000000696E5F646174612010
:106AC000213D204E554C4C00696E5F6C656E6774BD
:106AD00068203E2030550000696E5F6C656E6774FB
:106AE00068203C3D205350495F4253505F4C454E17
:106AF0004754485F4D415800696E5F74785F646128
:106B0000746120213D204E554C4C00006F75745F20
:106B100072785F6461746120213D204E554C4C00B9
:106B2000696E5F73776974636820213D204E554C10
:106B30004C0000002F686F6D652F6D61782F446FDA
:106B400063756D656E74732F50726F6A656B7465D3
:106B50002F4D6963726F506163436F6E74726F6C17
:106B60006C65724D616E2F4669726D776172652F2B
:106B70004273702F7377697463682F7377697463D6
:106B8000682E6300696E6F75745F737769746368EC
:106B900020213D204E554C4C000000002F686F6DA9
:106BA000652F6D61782F446F63756D656E74732FFB
:106BB00050726F6A656B74652F4D6963726F5061B7
:106BC00063436F6E74726F6C6C65724D616E2F46AD
:106BD00069726D776172652F4273702F7379737468
:106BE00069636B5F6273702F7379737469636B5F32
:106BF0006273702E63000000696E5F63616C6C628B
:106C000061636B5F666E20213D204E554C4C000049
:106C1000675F7469636B5F63616C6C6261636B5F18
:106C2000666E203D3D204E554C4C000073746174DF
:106C30007573203D3D2048414C5F4F4B00000000E4
:106C40002F686F6D652F6D61782F446F63756D656B
:106C50006E74732F50726F6A656B74652F4D696324
:106C6000726F506163436F6E74726F6C6C65724DBE
:106C7000616E2F4669726D776172652F4273702F56
:106C8000756172745F6273702F756172745F627385
:106C9000702E63006F75745F636861726163746501
:106CA0007220213D204E554C4C0000002F686F6D26
:106CB000652F6D61782F446F63756D656E74732FEA
:106CC00050726F6A656B74652F4D6963726F5061A6
:106CD00063436F6E74726F6C6C65724D616E2F469C
:106CE00069726D776172652F447269766572732F70
:106CF000646973706C61792F646973706C61792E4B
:106D000063000000696E5F6672616D65627566663C
:106D1000657220213D204E554C4C0000696E5F7815
:106D2000203E3D2030000000696E5F79203E3D200E
:106D300030000000696E5F7769647468203E20301F
:106D400000000000696E5F686569676874203E2016
:106D500030000000696E5F78202B20696E5F7769D4
:106D6000647468203C3D204652414D45425546469C
:106D700045525F574944544800000000696E5F79EE
:106D8000202B20696E5F686569676874203C3D2030
:106D90004652414D454255464645525F4845494752
:106DA000485400006F75745F696420213D204E5582
:106DB0004C4C00002F686F6D652F6D61782F446F0C
:106DC00063756D656E74732F50726F6A656B746551
:106DD0002F4D6963726F506163436F6E74726F6C95
:106DE0006C65724D616E2F4669726D776172652FA9
:106DF000447269766572732F7374373738392F731D
:106E000074373738392E6300696E5F776964746848
:106E1000203E203055000000696E5F686569676834
:106E200074203E20305500002875696E7433325F3F
:106E30007429696E5F78202B20696E5F77696474AE
:106E400068203C3D205354373738395F5749445404
:106E5000480000002875696E7433325F7429696ECA
:106E60005F79202B20696E5F686569676874203CD4
:106E70003D205354373738395F4845494748540017
:106E8000696E5F706978656C7320213D204E554CAA
:106E90004C000000696E5F737472696465203E3D4A
:106EA00020696E5F77696474680000002F686F6DF9
:106EB000652F6D61782F446F63756D656E74732FE8
:106EC00050726F6A656B74652F4D6963726F5061A4
:106ED00063436F6E74726F6C6C65724D616E2F469A
:106EE00069726D776172652F536572766963657338
:106EF0002F636F6E736F6C652F636F6E736F6C654E
:106F00002E63000028696E5F6461746120213D205A
:106F10004E554C4C29207C7C2028696E5F73697A21
:106F200065203D3D20305529000000002F686F6D21
:106F3000652F6D61782F446F63756D656E74732F67
:106F400050726F6A656B74652F4D6963726F506123
:106F500063436F6E74726F6C6C65724D616E2F4619
:106F600069726D776172652F5365727669636573B7
:106F70002F6372632F6372632E6300002F686F6D3F
:106F8000652F6D61782F446F63756D656E74732F17
:106F900050726F6A656B74652F4D6963726F5061D3
:106FA00063436F6E74726F6C6C65724D616E2F46C9
:106FB00069726D776172652F536572766963657367
:106FC0002F6672616D656275666665722F667261A5
:106FD0006D656275666665722E630000696E5F7925
:106FE000203C204652414D454255464645525F4859
:106FF0004549474854000000696E5F6F626A6563E7
:107000007420213D204E554C4C0000002F686F6DC0
:10701000652F6D61782F446F63756D656E74732F86
:1070200050726F6A656B74652F4D6963726F506142
:1070300063436F6E74726F6C6C65724D616E2F4638
:1070400069726D776172652F5365727669636573D6
:107050002F6163746976655F6F626A6563742F611F
:1070600063746976655F6F626A6563742E6300009E
:10707000696E5F6F626A6563742D3E69735F696EE6
:10708000697469616C697A6564000000696E5F6F9C
:10709000626A6563742D3E64697370617463685FCE
:1070A000666E20213D204E554C4C0000696E6F7578
:1070B000745F6F626A65637420213D204E554C4CAD
:1070C00000000000696E5F6E616D6520213D204EFD
:1070D000554C4C00696E5F64697370617463685FDE
:1070E000666E20213D204E554C4C000066616C734D
:1070F00065203D3D20696E6F75745F6F626A6563E0
:10710000742D3E69735F6469737061746368696E3E
:10711000670000002F686F6D652F6D61782F446FD9
:1071200063756D656E74732F50726F6A656B7465ED
:107130002F4D6963726F506163436F6E74726F6C31
:107140006C65724D616E2F4669726D776172652F45
:1071500053657276696365732F63697263756C61D9
:10716000725F6275666665722F63697263756C61C2
:10717000725F6275666665722E630000696E5F629B
:1071800075666665722D3E73746F72616765202146
:107190003D204E554C4C0000696E5F627566666519
:1071A000722D3E656C656D656E745F73697A6520DE
:1071B0003E20305500000000696E5F6275666665AE
:1071C000722D3E6361706163697479203E20305591
:1071D00000000000696E6F75745F627566666572A7
:1071E00020213D204E554C4C00000000696E6F750B
:1071F000745F73746F7261676520213D204E554C3A
:107200004C000000696E5F656C656D656E745F7340
:10721000697A65203E20305500000000696E5F638A
:1072200061706163697479203E2030550000000070
:10723000696E5F656C656D656E7420213D204E55ED
:107240004C4C00006F75745F656C656D656E7420E5
:10725000213D204E554C4C00696E5F746F70696320
:10726000203E204D53475F4E4F4E45002F686F6DB7
:10727000652F6D61782F446F63756D656E74732F24
:1072800050726F6A656B74652F4D6963726F5061E0
:1072900063436F6E74726F6C6C65724D616E2F46D6
:1072A00069726D776172652F536572766963657374
:1072B0002F6D73675F62726F6B65722F6D73675F9F
:1072C00062726F6B65722E6300000000696E5F74FE
:1072D0006F706963203C204D53475F4C415354000D
:1072E000696E5F62726F6B657220213D204E554C56
:1072F0004C000000696E5F62726F6B65722D3E69B3
:10730000735F696E697469616C697A656400000015
:10731000696E5F62726F6B65722D3E69735F737425
:107320006172746564000000696E6F75745F7375D7
:10733000627363726962657220213D204E554C4C28
:10734000000000006F75745F6D736720213D204E53
:10735000554C4C00696E6F75745F62726F6B65722D
:107360002D3E69735F696E697469616C697A6564E1
:107370000000000066616C7365203D3D20696E6F02
:1073800075745F62726F6B65722D3E69735F7374A3
:107390006172746564000000696E6F75745F62727B
:1073A0006F6B65722D3E746F706963735B696E5F9E
:1073B000746F7069635D5B736C6F745D20213D2039
:1073C000696E6F75745F73756273637269626572FB
:1073D00000000000696E5F6D73672D3E7061796C0F
:1073E0006F61645F73697A65203C3D204D53475F50
:1073F0005041594C4F41445F4D41585F53495A45A4
:1074000000000000696E5F717565756520213D2083
:107410004E554C4C000000002F686F6D652F6D615C
:10742000782F446F63756D656E74732F50726F6A39
:10743000656B74652F4D6963726F506163436F6E46
:1074400074726F6C6C65724D616E2F4669726D77E8
:107450006172652F53657276696365732F6D73670B
:107460005F71756575652F6D73675F71756575659E
:107470002E6300002F686F6D652F6D61782F446F4C
:1074800063756D656E74732F50726F6A656B74658A
:107490002F4D6963726F506163436F6E74726F6CCE
:1074A0006C65724D616E2F4669726D776172652FE2
:1074B00053657276696365732F73775F74696D6561
:1074C000722F73775F74696D65722E630000000020
:1074D000696E5F74696D657220213D204E554C4C7C
:1074E0000000000066616C7365203D3D207072767F
:1074F0005F69735F726567697374657265645F74F1
:10750000696D657228696E5F74696D657229000026
:107510007072765F69735F726567697374657265AF
:10752000645F74696D657228696E5F74696D6572F8
:10753000290000004F54542074657374733A00009E
:107540002020257300000000696E5F7363656E6123
:1075500072696F20213D204E554C4C002F686F6D95
:10756000652F6D61782F446F63756D656E74732F31
:1075700050726F6A656B74652F4D6963726F5061ED
:1075800063436F6E74726F6C6C65724D616E2F46E3
:1075900069726D776172652F546573742F546172CF
:1075A0006765742F6F74742E63000000696E5F61ED
:1075B0007267756D656E747320213D204E554C4C7D
:1075C000000000006F75745F7265717565737420DB
:1075D000213D204E554C4C00696E5F726561736FA2
:1075E0006E20213D204E554C4C0000004F5454203D
:1075F000504153534544205B25735D004F54542044
:107600004641494C4544205B25735D3A2025730073
:10761000696E5F7370656320213D204E554C4C00B0
:10762000696E5F7265717565737420213D204E55DA
:107630004C4C00004F5454207363686564756C654E
:1076400064205B25735D2C20726573657474696EAC
:10765000672E2E2E000000004F5454204552524FEA
:10766000523A20756E6B6E6F776E2074657374205E
:1076700027257327000000004F5454204552524FD5
:10768000523A207365747570206661696C65642078
:10769000666F722027257327000000006F75745FE6
:1076A0007370656320213D204E554C4C0000000056
:1076B0004C6F6F6B2D616865616420636F73743A02
:1076C0002077686174206F6E65206672616D652732
:1076D0007320736C69636520636F737473206F6EBE
:1076E000207468697320626F6172642E000000006C
:1076F00064657074682025752C20736C696365203F
:107700002575207469636B732C20646563697369E4
:107710006F6E202575207469636B732C206672610F
:107720006D65207370617265202575206D73000092
:107730007468652072756E20656E6465642062658C
:10774000666F726520612073696E676C6520646581
:10775000636973696F6E207761732074616B656E06
:10776000000000006672616D657320256C752069EC
:107770006E20256C75206D732C206F766572202528
:107780006C75206465636973696F6E730000000037
:10779000202061206672616D65277320736C6963B8
:1077A000653A206D65616E20256C7520757320200B
:1077B00020776F72737420256C75206D7300000044
:1077C00020206672616D6573207065722064656348
:1077D0006973696F6E20256C7500000020206A7542
:1077E0006E6374696F6E7320726561636865643A75
:1077F00020256C752E256C75206D65616E2C2025FD
:107800006C752064656570657374000020206120CC
:107810006465636973696F6E207370656E6473204D
:10782000256C75207469636B7300000073636F725D
:107830006520256C752C206C697665732025750094
:1078400074686520776F727374206672616D65204D
:10785000746F6F6B20256C75206D73206F662074BC
:1078600068652025752061206672616D65206861FC
:107870007320737061726500536561726368206282
:1078800075646765743A2077686174206120636568
:107890006C6C206F66206C6F6F6B2D616865616426
:1078A00020636F737473206F6E2074686973206235
:1078B0006F6172642E00000020207461726765742D
:1078C00020696E20612077616C6C3A2020256C75F0
:1078D00020737465707320696E20256C75206D733C
:1078E000202D3E20256C752075732065616368002E
:1078F00020207461726765742072656163686162DB
:107900006C653A2020256C7520737465707320694E
:107910006E20256C75206D73202D3E20256C752002
:107920007573206561636800202061206C6F6F6B48
:107930002D616865616420706179732074686520C9
:10794000736C6F776572206F66207468652074773A
:107950006F3A20256C7520757320612067686F73FE
:1079600074207374657000002020612073696D7548
:107970006C617465642063656C6C20636F737473F1
:10798000202575206F66207468656D3B2025752065
:107990006D73206F66207370617265206672616D11
:1079A00065206275797320256C752063656C6C7336
:1079B00000000000202074686174206973206162F7
:1079C0006F757420256C75206A756E6374696F6EAF
:1079D000206272616E63686573206F662025752072
:1079E00063656C6C73000000256C752075732061F5
:1079F000207365617263682C20256C752063656C4B
:107A00006C73206F7220256C75206272616E6368E2
:107A100065732061206672616D6500007468652081
:107A20006D656E75206E657665722063616D65208B
:107A300075700000737461727420646964206E6FE5
:107A40007420626567696E20612072756E000000A7
:107A50007468652072756E20646F6573206E6F7434
:107A60002072656D656D6265722074686174207442
:107A7000686520414920706C6179656400000000F0
:107A80007468652025732072756E20646964206EA9
:107A90006F742066696E6973682077697468696EAF
:107AA0002025752073000000414920686967682D12
:107AB00073636F7265206C6F636B6F75743A2061CE
:107AC0002072756E2074686520414920746F75635B
:107AD000686564206D757374206E6F7420726561C3
:107AE0006368204E564D202846522D303334292EBF
:107AF0000000000054776F2072756E7320706C6107
:107B000079656420746F2067616D65206F7665729A
:107B10002C20736F2074686973206F6E6520746108
:107B20006B6573206120666577206D696E7574657D
:107B3000732E000074686520646973706C6179202D
:107B4000636F6E74726F6C6C657220646F65732006
:107B50006E6F7420616E73776572000074686520C3
:107B60007461626C6520636F756C64206E6F742045
:107B7000626520636C656172656400002020746832
:107B80006520414927732072756E2073636F72659B
:107B90006420256C753B2074686520636C61737389
:107BA0006963207461626C6520686F6C6473202562
:107BB0006C75000074686520414927732072756EEA
:107BC0002073636F726564206E6F7468696E672CD2
:107BD00020736F20746865206C6F636B6F75742001
:107BE00070726F766573206E6F7468696E670000DF
:107BF00074686520414927732072756E206F662076
:107C0000256C752072656163686564207468652001
:107C1000706572736F6E2773207461626C6500000B
:107C2000202074686520706C6179657227732072FA
:107C3000756E2073636F72656420256C752C2074DB
:107C40006865207461626C6520686F6C64732025C0
:107C50006C75000074686520706C617965722773BB
:107C60002072756E2073636F726564206E6F746826
:107C7000696E670074686520706C6179657227733E
:107C80002072756E206F6620256C752064696420F3
:107C90006E6F74207265616368207468652074611A
:107CA000626C65002020256C75206672616D6573BD
:107CB00020696E20256C75206D73202D3E20256C6B
:107CC00075206670732C20256C75206D73206F668F
:107CD00020746865202575206D7320627564676562
:107CE00074207370656E740020206C6576656C205E
:107CF0002575202D202575206C697665732C20252F
:107D00006C7520706F696E74732C202573206174FC
:107D10002074686520737469636B00005061632D83
:107D20004D616E2041493A20746865206C6F6F6B1D
:107D30002D61686561642073656172636820706C91
:107D40006179696E67206F6E2074686520626F616B
:107D500072642E0054686520414920686173205088
:107D600061632D4D616E2E20576174636820666FCC
:107D7000722C20616E6420636F6E6669726D3A00CA
:107D800020202D20746865204855442073686F7743
:107D900073204149206265747765656E207468655B
:107DA0002073636F726520616E6420746865206C57
:107DB0006576656C202846522D303332290000004C
:107DC00020202D2074686520737469636B20646FB4
:107DD0006573206E6F7468696E6720617420616CD2
:107DE0006C207768696C6520697420706C617973A8
:107DF000202846522D3033312900000020202D202C
:107E00006974206973207374696C6C20706C61797B
:107E1000696E672061667465722061206C657665A5
:107E20006C207475726E73206F76657220616E645B
:107E30002061667465722061206C696665206973D3
:107E4000206C6F737400000020202D20697420685E
:107E5000756E74732067686F7374732072617468D1
:107E60006572207468616E206F6E6C792065617434
:107E7000696E672070656C6C6574732C20616E642C
:107E80002072656163686573206C6576656C20356A
:107E9000206F72203600000043454E544552206F3B
:107EA0006E2074686520737469636B203D20706177
:107EB0007373207468697320746573742E20423163
:107EC00020646F6573206E6F7468696E67206865E3
:107ED00072652073696E6365204445432D303534E7
:107EE0002E00000054696D6573206F757420616603
:107EF000746572202575207320746F206661696C2B
:107F00002E0000006E6F7420636F6E6669726D657F
:107F1000642061742074686520626F6172642077E8
:107F2000697468696E20257520730000696E5F6949
:107F30006E646578203C204F54545F5343454E4156
:107F400052494F5F434F554E540000002F686F6DEC
:107F5000652F6D61782F446F63756D656E74732F37
:107F600050726F6A656B74652F4D6963726F5061F3
:107F700063436F6E74726F6C6C65724D616E2F46E9
:107F800069726D776172652F546573742F546172D5
:107F90006765742F6F74745F7363656E6172696F68
:107FA000732E63006F75745F696E64657820213D80
:107FB000204E554C4C00000061695F686967685F3E
:107FC00073636F7265000000616E696D6174696F43
:107FD0006E000000646973706C61795F6964000011
:107FE000726E67007365617263685F62756467656E
:107FF00074000000646973706C61795F74657374F8
:10800000000000006C6F6F6B61686561645F636F97
:1080100073740000686967685F73636F726500005E
:108020006A6F79737469636B000000006A6F79731B
:108030007469636B5F646F74000000007061636D4E
:10804000616E00007061636D616E5F6169000000C8
:10805000757365725F627574746F6E0020202020E6
:1080600061736B6564202575204650532C2068652C
:108070006C6420256C752046505320E280942025A6
:10808000642E25303264207078207065722066720C
:10809000616D652C2025642E25303264206F6620AA
:1080A00025642E25303264206D732075736564203D
:1080B00028257520252529002020756E70616365AF
:1080C000642C2073616D65206672616D65733A2062
:1080D000686F772066617374207468652072656EBE
:1080E000646572207061746820676F6573207768BB
:1080F000656E206E6F7468696E6720686F6C64735C
:108100002069740020202020256C752046505320C3
:10811000E2809420256C752074696D657320746805
:108120006520257520465053207461726765742C54
:1081300020736F202575202525206F6620746865C3
:10814000206672616D6520697320746865206761BF
:108150006D652773000000004E6F7720796F7520E2
:1081600073746565722074686520726174653A2065
:108170004E4F525448207261697365732069742CA4
:1081800020534F555448206C6F7765727320697483
:108190002C20423120656E647320746865207465FC
:1081A00073742E00546865206163746F7273206B62
:1081B000656570207468652073616D6520737065F6
:1081C00065642061742065766572792072617465DA
:1081D00020E28094206F6E6C792074686520736D46
:1081E0006F6F74686E657373206368616E67657323
:1081F0002E0000002020257520465053000000006E
:10820000416E696D6174696F6E3A206669766520AA
:108210006163746F7273206174206120636F6E7389
:1082200074616E742025642070782F732C2074681C
:1082300065206672616D6520726174652076617279
:1082400079696E6720756E646572207468656D2E3D
:1082500000000000202025752046505320666F72D4
:1082600020256C75207320E2809420776174636808
:1082700020746865206163746F72732C206E6F7454
:108280002074686520636F6E736F6C65000000007A
:1082900020202020746861742070617373206469E9
:1082A00064206E6F7420686F6C6420697473207032
:1082B00061636520E280942069747320736D6F6F31
:1082C00074686E6573732070726F766573206E6F5D
:1082D0007468696E670000006174206C6561737476
:1082E000206F6E6520706173732066656C6C2073FF
:1082F000686F7274206F662074686520726174659F
:108300002069742061736B656420666F72000000E1
:108310004C4F570020202D2D2D206368697020734D
:10832000656C6563742061637469766520257320CC
:108330002D2D2D002020257320283078253032580F
:1083400029202D3E20253032582025303258202536
:108350003032582025303258000000004C4F572052
:10836000616E64204849474800000000446973700A
:108370006C617920494420746573743A2072657386
:10838000657474696E672074686520636F6E7472BB
:108390006F6C6C657220616E642072656164696ED9
:1083A0006720697473204944207265676973746536
:1083B00072732E004E6F7468696E67206973206453
:1083C0007261776E20E280942074686973206F6E0A
:1083D0006C792061736B73207768657468657220AF
:1083E00074686520646973706C617920616E73775D
:1083F0006572732C20616E6420686F772E00000018
:108400006E6F20616E737765722061742065697488
:1084100068657220435320706F6C617269747920B3
:10842000E2809420636865636B2053504920706933
:108430006E732C204443582C205245534554000061
:10844000446973706C617920616E737765726564DD
:10845000207769746820636869702073656C656350
:1084600074206163746976652025732E0000000016
:108470005244444944000000524449443100000041
:108480005244494432000000524449443300000041
:10849000524E473A20746865204D43552773206F2C
:1084A000776E2072616E646F6D20736F7572636595
:1084B0002C206F6E2073696C69636F6E20284652A2
:1084C0002D303435292E00007468652067656E658F
:1084D0007261746F7220646964206E6F7420636FC0
:1084E0006D652075703A20636865636B2048534959
:1084F000343820616E642074686520524E472063D2
:108500006C6F636B00000000202030782530386CE1
:10851000580000002020257520776F726473206951
:108520006E20256C75206D73000000006576657205
:108530007920776F726420776173207A65726F009B
:10854000657665727920776F726420776173207425
:1085500068652073616D653A2030782530386C5835
:1085600000000000202074686520776F726473201B
:108570006469666665722C20736F20746865206775
:10858000616D6527732074696D696E677320776903
:108590006C6C2076617279202846522D3034342953
:1085A0002E0000002020636F6C6F75722062617274
:1085B000732C206C65667420746F20726967687410
:1085C0003A20626C61636B20626C75652072656431
:1085D000206D6167656E746120677265656E2063EA
:1085E00079616E2079656C6C6F7720776869746546
:1085F00000000000202067656F6D657472793A2075
:1086000072656420626F726465722061726F756E4C
:1086100064207468652066756C6C20323430783361
:1086200032302C20776869746520737175617265CA
:1086300020617420746865206F726967696E00003C
:108640002020612059454C4C4F57206469736320AA
:1086500077697468206120424C554520626F7264CE
:10866000657220E28094207468726F756768206676
:1086700072616D65627566666572202D3E20676663
:1086800078202D3E20646973706C617900000000D1
:108690002020256C752066756C6C206672616D6596
:1086A0007320696E20256C75206D73202D3E20256A
:1086B00064206D732F6672616D652C2025642066C1
:1086C00070730000202074696D696E6720256C75D9
:1086D0002064697274792025647825642063656C50
:1086E0006C7320706572206672616D6520E2809403
:1086F0002061207265616C697374696320506163E5
:108700002D4D616E20757064617465002020256CAC
:1087100075207061727469616C206672616D657339
:1087200020696E20256C75206D73202D3E202564F8
:108730002E25303264206D732F6672616D652C209A
:10874000256420667073000053543737383956005B
:10875000554E455850454354454400004469737094
:108760006C617920746573743A206272696E67690E
:108770006E67207468652070616E656C2075702E60
:10878000000000002020636F6E74726F6C6C657265
:108790002049443A202530325820253032582025AF
:1087A000303258202825732900000000636F6E7452
:1087B000726F6C6C65722049442025303258202538
:1087C0003032582025303258206973206E6F742063
:1087D000616E20535437373839560000746865206D
:1087E00077686F6C652073637265656E206D757355
:1087F000742062652052454420286E6F742063798E
:10880000616E29007468652077686F6C65207363FA
:108810007265656E206D75737420626520475245E0
:10882000454E20286E6F74206D6167656E746129F6
:10883000000000007468652077686F6C65207363C2
:108840007265656E206D75737420626520424C55AB
:108850004520286E6F742079656C6C6F7729000055
:10886000507265737320423120696620796F7520DC
:10887000736177207265642C20677265656E2C20A9
:10888000626C75652C2074686520626172732C209F
:1088900074686520626F726465722C207468656EFE
:1088A00020612079656C6C6F7720646973632E009A
:1088B00054696D6573206F757420616674657220EC
:1088C000257520732E000000486967682073636F68
:1088D00072653A20746865207468726565207461F9
:1088E000626C657320696E207265616C20666C61D4
:1088F000736820E280942065726173652C20707229
:108900006F6772616D2C2072656164206261636BB8
:108910002E00000020207461626C65202575207394
:10892000746F726564206E6F773A20256C75202F06
:1089300020256C75202F20256C750000746865203B
:108940007061676520636F756C64206E6F74206260
:10895000652065726173656400000000616E2065CA
:108960007261736564207061676520646964206E5C
:108970006F742072656164206261636B20656D7045
:108980007479000020207461626C65202575207761
:10899000726F746520256C75202F20256C75202F33
:1089A00020256C752C2072656164206261636B20E8
:1089B000256C75202F20256C75202F20256C7500C7
:1089C0002020657261736520256C75206D732C20E5
:1089D00025752077726974657320256C75206D7319
:1089E00020E280942066617220746F6F20736C6F38
:1089F0007720666F722061206672616D652C20772A
:108A000068696368206973207768792061207275CE
:108A10006E00000020206973206F666665726564D1
:108A200020746F20746865207461626C65206F6EBD
:108A300063652C207768656E20697420656E6473A9
:108A40002E00000077686174207761732072656181
:108A500064206261636B206973206E6F7420776895
:108A6000617420776173207772697474656E000099
:108A700020207461626C6520726573746F72656426
:108A800020746F2077686174206974207761732E79
:108A900020607265736574602C207468656E206058
:108AA0006869676873636F7265602C2073686F779D
:108AB000732069742073757276697665642E000080
:108AC00025733D25752000004A4F59202573202825
:108AD00031203D20707265737365642900000000C9
:108AE0002C00000025732573000000006B6579736E
:108AF000206E65766572207365656E3A2025730079
:108B00004A6F79737469636B20746573743A20706B
:108B1000726573732065616368206F662074686591
:108B20002066697665206B657973206F6E63652CAE
:108B300020696E20616E79206F726465722E00006C
:108B4000576174636820746865206E616D65207478
:108B50006865206669726D77617265207072696EF2
:108B6000747320E28094206974206D757374206D95
:108B70006174636820746865206B657920796F750E
:108B800020707265737365642E00000020202573C9
:108B90002070726573736564202028256C752F25FD
:108BA000752900006B657973206E65766572207596
:108BB0007365643A20257300202074696D696E67BF
:108BC00020256C75206D6F76657320E2809420748B
:108BD000686520646F7420737765657073206974AD
:108BE0007320726F772C207468656E2072657475BF
:108BF000726E7320746F20746865206D6964646C94
:108C0000650000002020256C75206D6F766573204F
:108C1000696E20256C75206D73202D3E2025642EF5
:108C200025303264206D7320706572206D6F76651B
:108C3000000000002020696E7075742070617468F7
:108C40003A202575206D73206F6620697420676F48
:108C50006573206F6E206465626F756E63696E6701
:108C600020746865206B65792C2025642E253032B0
:108C700064206D73206F6E2064726177696E672E59
:108C8000000000004A6F79737469636B20646F742D
:108C90003A20696E70757420616E64206469737027
:108CA0006C617920746F67657468657220E28094E6
:108CB0002074686520696E746567726174696F6E8F
:108CC000207465737420666F72204D322E00000090
:108CD0005075736820746865206A6F79737469636E
:108CE0006B3A207468652059454C4C4F5720646F8F
:108CF00074206D757374206D6F76652074686520BF
:108D000077617920796F752070757368656420E2EA
:108D1000809420757020697300000000746F776183
:108D20007264732074686520746F70206F6620749D
:108D300068652070616E656C2E2043454E54455227
:108D40002070757473206974206261636B20696E92
:108D500020746865206D6964646C652C20616E64A4
:108D60002074686500000000646F742073746F7075
:108D7000732061742074686520626C75652066726A
:108D8000616D6520696E7374656164206F6620771C
:108D900072617070696E672E000000005768656E22
:108DA00020616C6C2066697665206B65797320683C
:108DB000617665206D6F76656420697420636F72DB
:108DC000726563746C792C20707265737320423104
:108DD00020746F20706173732E00000020202573B3
:108DE00020E2809420617420746865206672616D51
:108DF000652C2074686520646F74207374617973C6
:108E0000207075740000000020202573202D3E2066
:108E100063656C6C2025642C256420202825752F23
:108E20002575206B657973207573656429000000D2
:108E30002020256C75206672616D657320696E2037
:108E4000256C75206D73202D3E20256C7520667075
:108E5000732C20256C75206D73206F6620746865F7
:108E6000202575206D7320627564676574207370AA
:108E7000656E742064726177696E670020206C658E
:108E800076656C202575202D202575206C6976650A
:108E9000732C20256C7520706F696E747300000050
:108EA0005061632D4D616E3A207468652067616D75
:108EB0006520697473656C662C206F6E207468651C
:108EC0002070616E656C20E2809420746865206576
:108ED0006E642D746F2D656E6420746573742066E6
:108EE0006F72204D332E00006D617A6520736565C9
:108EF0006420256C75000000506C61792069742E27
:108F00002054686520737469636B2073746565729F
:108F100073205061632D4D616E2C20616E6420437F
:108F2000454E5445522073746172747320746865A1
:108F3000206E6578742072756E206F6E6365207484
:108F4000686973006F6E65206973206F7665722E95
:108F500020576174636820666F723A2074686520D8
:108F60006D617A6520647261776E2077686F6C65D9
:108F70002C205061632D4D616E207475726E696E88
:108F8000672077686572652068652063616E000000
:108F9000616E64206F6E6C792074686572652C2038
:108FA0007468652067686F737473206C6561766997
:108FB0006E672074686520686F757365206F6E65D5
:108FC00020617420612074696D652C206120706FB0
:108FD0007765722070656C6C657400007475726ED4
:108FE000696E67207468656D20626C75652C206100
:108FF0006E6420746865206C6576656C206E756D96
:1090000062657220676F696E67207570207768658A
:109010006E20746865206D617A6520697320656DC6
:109020007074792E00000000507265737320423115
:1090300020746F20706173732C206F72206C6574C4
:109040002069742074696D65206F75742061667481
:109050006572202575207320746F206661696C2EFF
:1090600000000000546865726520617265202575F6
:10907000206C6576656C7320746F2077696E20288C
:1090800046522D3032372920E28094206E6F626F75
:1090900064792069732065787065637465642074F1
:1090A0006F20736974207468726F756768207468C4
:1090B000656D2E0042544E20616C69766520707299
:1090C00065737365643D2575207072657373657390
:1090D0003D256C7500000000557365722D62757436
:1090E000746F6E20746573743A20707265737320A8
:1090F000746865205553455220627574746F6E20F4
:10910000284231292025752074696D65732E000071
:109110004C6976652073746174652062656C6F7745
:109120002028707265737365643D31207768696CBF
:10913000652068656C64293B2074696D6573206FD8
:10914000757420616674657220257520732E000089
:1091500042544E2070726573732023256C75000095
:109160006F6E6C7920256C752F2575207072657374
:10917000736573207365656E202850433133207307
:109180007475636B206C6F773F290000696E5F70A8
:1091900074436667000000002F686F6D652F6D6176
:1091A000782F446F63756D656E74732F50726F6A9C
:1091B000656B74652F4D6963726F506163436F6EA9
:1091C00074726F6C6C65724D616E2F4669726D774B
:1091D0006172652F546869726450617274792F45A9
:1091E0006D626564646564436C692F436C692E63CA
:1091F00000000000696E5F70744366672D3E7075F5
:10920000745F636861725F666E00000074727565FA
:10921000203D3D20696E5F70744366672D3E697323
:109220005F696E697469616C697A65640000000049
:10923000434C495F43414E415259203D3D20696EA8
:109240005F70744366672D3E73746172745F63610F
:109250006E6172795F776F7264000000434C495F02
:1092600043414E415259203D3D20696E5F70744329
:1092700066672D3E6D69645F63616E6172795F77C9
:109280006F726400434C495F43414E415259203D47
:109290003D20696E5F70744366672D3E656E645F46
:1092A00063616E6172795F776F726400696E5F707F
:1092B000744366672D3E6E6F665F73746F7265648C
:1092C0005F63686172735F696E5F72785F62756613
:1092D000666572203C3D20434C495F4D41585F52CA
:1092E000585F4255464645525F53495A4500000073
:1092F0002A2000003A200A202020202020202020A0
:109300002020202020000000556E6B6E6F776E20AD
:10931000636F6D6D616E643A200000005479706572
:10932000202768656C702720746F206C6973742027
:10933000616C6C20636F6D6D616E64730A00000078
:109340006C656E677468203C20313030000000008E
:10935000456D62656464656420434C49202D20544A
:10936000797065202768656C702720746F206C69A0
:10937000737420616C6C20636F6D6D616E64730A31
:1093800000000000696E5F737472696E6700000010
:1093900061727261795F6F665F617267756D656E2C
:1093A000747300006D61785F617267756D656E74CE
:1093B00073203E2030000000696E5F706172746936
:1093C000616C5F737472696E67000000696E5F7331
:1093D0007472696E675F617272617900696E5F6E47
:1093E0006F665F737472696E6773203E2030000091
:1093F0006F75745F6D6174636865735F61727261CC
:10940000790000006F75745F6E6F665F6D617463E5
:10941000686573002A6F75745F6E6F665F6D617447
:1094200063686573203C3D20696E5F6E6F665F7395
:109430007472696E677300007374726C656E286D68
:109440006174636865735B305D29203E20300000E5
:10945000696E5F636D645F6E616D6500675F636C0D
:10946000695F6366675F7265666572656E63652DC9
:109470003E6E6F665F73746F7265645F636D645F89
:1094800062696E64696E6773203E203000000000E0
:109490004275666665722069732066756C6C0A0099
:1094A0001B5B33326D5B4F4B5D20201B5B306D20AF
:1094B000000000001B5B33316D5B4641494C5D1B76
:1094C0005B306D2000000000537461747573202DB3
:1094D0003E200000696E5F636D645F62696E64695F
:1094E0006E670000696E5F636D645F62696E6469D8
:1094F0006E672D3E6E616D6500000000696E5F63F2
:109500006D645F62696E64696E672D3E68656C703C
:1095100000000000696E5F636D645F62696E64697C
:109520006E672D3E636D645F666E000066616C73EE
:1095300065203D3D20646F65735F62696E64696E8E
:10954000675F65786973740074727565203D3D20AE
:1095500069735F62696E64696E675F73746F726569
:1095600064000000666D74001B5B324A1B5B4800A0
:10957000696E6F75745F6D6F64756C655F63666748
:109580000000000066616C7365203D3D20696E6FD0
:1095900075745F6D6F64756C655F6366672D3E699A
:1095A000735F696E697469616C697A656400000053
:1095B0004E554C4C203D3D20675F636C695F636690
:1095C000675F7265666572656E636500696E5F7080
:1095D00075745F636861725F666E0000232D302BC7
:1095E00020000000686C4C00656667454647000037
:1095F00030313233343536373839414243444546C9
:10960000000000003031323334353637383961628A
:10961000636465660000000070510108785101081C
:1096200080510108C07F0108000102020304010308
:10963000885101089051010898510108A051010872
:10964000A851010898510108A0510108A85101082A
:1096500098510108A0510108A851010850475A4FDC
:109660004B283200140050000A00550605001E0069
:109670003C000400B89801085A4F5F53552D37003D
:109680001E005A000F005F050500000032000400B4
:10969000B09801085A4F5F53552D370028005A00E3
:1096A00014005F040500000000000400B0980108E9
:1096B0005A4F5F53552D370028005A0014005F039E
:1096C0000500000000000400B098010864576457CA
:1096D0005F323C00280064001400690205000000AD
:1096E00000000300A8980108645764575F323C00EB
:1096F0003200640019006905050000000000030045
:10970000A8980108645764575F323C003200640037
:10971000190069020500000000000300A898010874
:10972000645764575F323C003200640019006902DC
:109730000500000000000300A89801086457645762
:109740005F323C003C0064001E0069010300000021
:1097500000000300A8980108645764575F323C007A
:109760003C0064001E0069050500000000000300C5
:10977000A8980108645764575F323C003C006400BD
:109780001E0069020500000000000300A8980108FF
:10979000645764575F323C00500064002800690140
:1097A0000300000000000300A898010864576457F4
:1097B0005F323C0050006400280069010300000093
:1097C00000000300A8980108645764575F323C000A
:1097D0005000640028006903050000000000030039
:1097E000A8980108645764575F323C006400640025
:1097F000320069010300000000000300A89801087E
:10980000645764575F323C006400640032006901B1
:109810000300000000000300A8980108645700003E
:109820005F32000064006400320069000000000044
:1098300000000300A8980108645764575F323C0099
:1098400064006400320069010300000000000300AE
:10985000A8980108645700005F3200007800640097
:109860003C0069000000000000000300A898010807
:10987000645700005F320000780064003C0069001B
:109880000000000000000300A89801085A4F0000E3
:109890005F320000780064003C00690000000000B6
:1098A00000000300A8980108C09801080700000004
:1098B000DC98010807000000F89801080700000084
:1098C00088130000204E000088130000204E000086
:1098D00088130000C8D20F0011000000581B0000C0
:1098E000204E0000581B0000204E0000881300008E
:1098F00028C30F0011000000581B0000204E00007C
:10990000581B0000204E000088130000204E00006D
:109910008813000001020300885501088C550108D6
:109920000203040501040203FF00010000FF00011F
:10993000FFFF01FF0101FF01000000000000000027
:109940000000000000000000999999190000000033
:109950000000008000000000000000C000000000C7
:109960000000000001000000020000008714010058
:109970000D00000035000000020000000A00000099
:10998000010203041900FDFF0200FDFF1B0020007F
:10999000000020007C5A01089C5A0108BC5A0108AA
:1099A000DC5A0108BC5A0108FC5A01081C5B01087A
:1099B0001C5B01083C5B01085C5B01085C5B010807
:1099C0007C5B01089C5B0108BC5B0108DC5B010857
:1099D000BC5B0108FC5B01081C5C0108FC5B010826
:1099E000FC5B01089C5A0108BC5A0108BC5A0108DA
:1099F0003C5C01085C5C01085C5C01083C5B0108A4
:109A00007C5C01087C5C0108FC5A01087C5A010856
:109A10000509090909000000B85E0108C85E0108CF
:109A2000D45E0108E05E0108EC5E01088C55010877
:109A3000F45E0108FC5E0108045F0108105F010884
:109A400000020304050000000000E0FF0000000029
:109A50000000E42600000000000000F8FFFF1400F2
:109A60000000DFFDFFFF14000000FF07FFFF1400F0
:109A70000000CAFDFFFF140000001F21FFFF0000CF
:109A80000000FFFF00F800000000000000000000E0
:109A900000001B21000000000000DBFD00000000B2
:109AA0000000FFFF000000000000D2FD00000000E9
:109AB0001010000078A601081010000038A5010859
:109AC0001010000078A4010810100000F8A401088C
:109AD00010100000B8A401081010000038A60108FA
:109AE0001010000078A5010810100000F8A501086A
:109AF00010100000B8A501081010000038A40108DB
:109B000010100000F8A3010810100000B8A201080E
:109B10001010000078A201081010000038A30108FE
:109B200010100000F8A2010810100000B8A30108EE
:109B30001010000078A301081010000038A20108DE
:109B400010100000F8A1010808080000D89C0108C6
:109B500008080000B89C010808080000989C01084B
:109B600010100000F89C010808080000D8A10108A6
:109B700008080000B8A101080808000098A1010821
:109B80000808000078A101080808000058A1010891
:109B90000808000038A101080808000018A1010801
:109BA00008080000F8A0010808080000D8A0010873
:109BB00008080000B8A001080808000098A00108E3
:109BC0000808000078A001080808000058A0010853
:109BD0000808000038A001080808000018A00108C3
:109BE00008080000F89F010808080000D89F010835
:109BF00008080000B89F010808080000989F0108A5
:109C000008080000789F010808080000589F010814
:109C100008080000389F010808080000189F010884
:109C200008080000F89E010808080000D89E0108F6
:109C300008080000B89E010808080000989E010866
:109C400008080000789E010808080000589E0108D6
:109C500008080000389E010808080000189E010846
:109C600008080000F89D010808080000D89D0108B8
:109C700008080000B89D010808080000989D010828
:109C800008080000789D010808080000589D010898
:109C900008080000389D0108CC5F0108D85F010862
:109CA000E45F0108E45F0108E45F0108E45F010884
:109CB000D85F0108CC5F0108046001080460010856
:109CC00004600108F05F0108F05F0108046001080A
:109CD0000460010804600108E45F0108E45F010812
:109CE000E45F0108E45F0108E45F0108E45F010844
:109CF000E45F0108E45F0108FC5F0108FC5F010804
:109D0000FC5F0108FC5F0108FC5F0108FC5F0108C3
:109D1000FC5F0108FC5F0108FC5F0108FC5F0108B3
:109D2000FC5F0108FC5F0108FC5F0108FC5F0108A3
:109D3000FC5F0108FC5F0108046001080460010881
:109D400004600108D85F0108D85F010804600108B9
:109D50000460010804600108106001081C6001082B
:109D60002860010834600108406001084C60010867
:109D7000106001080460010858600108586001087B
:109D80005860010864600108706001087060010893
:109D900070600108046001087C60010888600108A7
:109DA000946001083460010894600108886001082B
:109DB0007C600108046001087C6001087C60010887
:109DC000A0600108106001081060010888600108A7
:109DD0007C600108046001087C6001087C60010867
:109DE0007C60010888600108946001083460010803
:109DF000AC600108046001087C6001087C60010817
:109E00007C6001087C6001087C6001087C600108BE
:109E10009460010804600108B860010870600108DE
:109E200070600108706001087060010870600108CE
:109E30007060010804600108CC5F0108C46001087B
:109E4000D060010894600108DC6001087C600108B2
:109E50009460010804600108D85F01087C60010873
:109E60007C600108E8600108F460010800610108F5
:109E7000E860010804600108946001087C60010842
:109E80007C6001087C6001080C610108C460010865
:109E90001861010804600108D85F01087C600108AE
:109EA0007C6001087C600108D85F0108D06001086F
:109EB000D060010804600108946001087C6001081A
:109EC0007C6001087C6001087C6001087C600108FE
:109ED00094600108046001087C60010824610108A5
:109EE00030610108106001080C610108E860010898
:109EF0007C600108046001087C600108886001083A
:109F00001060010810600108A06001087C60010871
:109F10007C600108046001083C6101083C610108A3
:109F20003C6101083C6101083C6101083C61010899
:109F3000B8600108046001087C600108C460010881
:109F40004861010854610108F460010800610108DA
:109F5000E860010804600108DC600108DC600108B9
:109F6000DC600108DC600108DC6001087C6001083D
:109F70009460010804600108B8600108706001087D
:109F8000706001087060010870600108706001086D
:109F9000B8600108046001087C6001087C60010869
:109FA0007C600108106001087C6001087C60010889
:109FB0007C60010804600108606101083C610108DF
:109FC000D0600108E86001087C6001085860010861
:109FD000606101080460010810600108D060010898
:109FE000D0600108D85F0108D0600108D060010886
:109FF000D060010804600108B86001083C610108F4
:10A000003C610108946001083C6101083C61010861
:10A01000B860010804600108F4600108C460010828
:10A020007C6001087C6001087C600108C460010854
:10A03000F4600108046001086460010858600108C8
:10A04000D0600108D0600108D060010858600108A4
:10A050006460010804600108D85F01087C600108A1
:10A060007C600108D85F01087C6001087C60010801
:10A07000D85F010804600108346001086C610108C0
:10A080007C6001087C600108106001087C600108A8
:10A090007C60010804600108946001087C6001088C
:10A0A0007C600108B8600108DC6001087861010883
:10A0B000CC5F010804600108CC5F010884610108DD
:10A0C00090610108CC5F01089C610108A86101084A
:10A0D0009460010804600108106001087C600108B8
:10A0E0007861010870600108F05F0108F05F010805
:10A0F000F05F010804600108646001083C61010828
:10A10000D0600108D85F01087C6001087C6001080C
:10A110009460010804600108D85F0108D06001085C
:10A12000D85F0108DC600108DC6001087C60010880
:10A130009460010804600108286001086460010857
:10A140006C610108C46001081060010878610108B1
:10A150007861010804600108B860010878610108AD
:10A160007060010864600108DC6001087C6001081F
:10A170009460010804600108946001087C60010893
:10A180001C60010864600108CC5F01084C60010894
:10A190001060010804600108706001083460010863
:10A1A000706001087060010870600108706001084B
:10A1B000B86001080460010834600108B461010856
:10A1C0007C6001087C6001087C600108C0610108B6
:10A1D000346001080460010804600108046001089B
:10A1E00004600108046001080460010804600108BB
:10A1F0000460010804600108CC610108E061010805
:10A20000F4610108086201081C6201081C6201086F
:10A21000306201084462010858620108586201086E
:10A220006C620108806201085862010894620108AA
:10A23000A8620108CC610108CC610108E061010855
:10A24000F4610108086201081C6201081C6201082F
:10A25000306201084462010858620108586201082E
:10A260006C6201088062010858620108BC62010842
:10A27000D0620108CC610108CC610108E0610108ED
:10A28000E4620108F86201080C6301080C6301082C
:10A2900020630108586201085862010858620108E9
:10A2A0005862010858620108586201089462010866
:10A2B000A8620108CC610108CC610108E0610108D5
:10A2C000E4620108F86201080C6301080C630108EC
:10A2D00020630108586201085862010858620108A9
:10A2E000586201085862010858620108BC620108FE
:10A2F000D0620108CC610108CC610108E06101086D
:10A30000F461010808620108346301084863010828
:10A310005C630108706301088463010858620108E6
:10A3200058620108586201085862010894620108E5
:10A33000A8620108CC610108CC610108E061010854
:10A34000F4610108086201083463010848630108E8
:10A350005C630108706301088463010858620108A6
:10A36000586201085862010858620108BC6201087D
:10A37000D0620108CC610108CC610108E0610108EC
:10A38000F4610108086201081C62010820630108E9
:10A390000C63010898630108AC630108C0630108FD
:10A3A0005862010858620108586201089462010865
:10A3B000A8620108CC610108CC610108E0610108D4
:10A3C000F4610108086201081C62010820630108A9
:10A3D0000C63010898630108AC630108C0630108BD
:10A3E000586201085862010858620108BC620108FD
:10A3F000D0620108CC610108CC610108E06101086C
:10A40000F461010808620108D4630108E8630108E7
:10A41000FC63010810640108246401085862010803
:10A4200058620108586201085862010894620108E4
:10A43000A8620108CC610108CC610108E061010853
:10A44000F461010808620108D4630108E8630108A7
:10A45000FC630108106401082464010858620108C3
:10A46000586201085862010858620108BC6201087C
:10A47000D0620108CC610108CC610108CC610108FF
:10A48000386401084C6401086064010874640108C0
:10A490007464010888640108886401089C640108E8
:10A4A000B0640108B0640108C4640108D8640108FC
:10A4B000CC610108CC610108CC610108D8640108B5
:10A4C000C4640108B0640108B06401089C64010818
:10A4D00088640108886401087464010874640108D0
:10A4E000606401084C64010838640108CC6101080B
:10A4F000CC610108CC610108CC610108D864010875
:10A50000C4640108B0640108B0640108EC64010887
:10A51000006501081465010800650108EC64010884
:10A52000B0640108B0640108C4640108D86401087B
:10A53000CC610108CC610108CC610108D864010834
:10A54000C4640108B0640108B0640108286501080A
:10A550003C650108506501083C6501082865010853
:10A56000B0640108B0640108C4640108D86401083B
:10A57000CC610108CC610108CC610108CC61010803
:10A58000CC610108CC610108CC6101086465010857
:10A59000786501088C650108746401088864010805
:10A5A000B0640108B0640108C4640108D8640108FB
:10A5B000CC610108CC610108CC610108D8640108B4
:10A5C000C4640108B0640108B0640108886401082B
:10A5D000746401088C6501087865010864650108E8
:10A5E000CC610108CC610108CC610108CC61010893
:10A5F000CC610108CC610108CC610108D864010874
:10A60000A0650108B4650108C8650108DC6501089A
:10A61000F065010814650108F0650108DC650108B2
:10A62000C8650108B4650108A0650108D86401087F
:10A63000CC610108CC610108CC610108D864010833
:10A6400004660108186601082C66010840660108C6
:10A650005466010850650108546601084066010807
:10A660002C6601081866010804660108D864010810
:10A67000CC610108CC610108CC610108D8640108F3
:10A68000C4640108B0640108B06401089C64010856
:10A690009C6401089C6401089C6401089C64010896
:10A6A000B0640108B0640108C4640108D8640108FA
:10A6B000CC610108CC61010800000000000000002E
:10A6C0000008024200200000000802428000000052
:10A6D00000040242000400000000024202000000E8
:10A6E00000000242010000000008024201000000D8
:10A6F00000040242100000000004024201000000B9
:10A70000000802420002000000080242400000006F
:10A71000060000009069010808000000986901081F
:10A7200007000000A069010809000000A8690108ED
:10A730000A000000B06901080102030400010202DE
:10A7400003040103B87F01080000000039C10008BC
:10A75000C87F01080000000035CA0008D47F010846
:10A760000000000061CC0008E07F0108000000004C
:10A77000D9CC0008E47F01080000000001BE0008F9
:10A78000F47F01080000000025D0000804800108C3
:10A790000000000041BC0008148001080000000017
:10A7A0008DD10008208001080000000041D400087D
:10A7B0002C8001080000000011D800083C8001082E
:10A7C0000000000089DA0008448001080000000051
:10A7D0000DC400085080010800000000EDDB0008F7
:10A7E000E0FF00F8DFFDFF07CAFD00000A000F00D0
:10A7F0001E003C000400000070840108DA00000024
:10A8000078840108DB00000080840108DC0000007F
:10A810008884010800001F0000F81FF8E007FF0708
:10A82000E0FFFFFF697A0000AE0800006F00000043
:10A8300006000000906901080800000098690108FE
:10A8400007000000A069010809000000A8690108CC
:10A850000A000000B069010807000A0000010202B6
:10A8600003040103000000000000000001020304D3
:10A87000060708090000000001020304006CDC0266
:10A8800000366E010024F400001BB70000093D00F3
:10A8900080841E00504B140040420F0000E02E0048
:10A8A0000070170000A00F0000B80B00801A06000F
:10A8B000400D030088070200A0860100000002424C
:10A8C00001000000000002420300000000000242FC
:10A8D00006000000000402420100000000040242E1
:10A8E0000A0000000008024202000000000C0242C0
:10A8F0000D000000000C02420200000000080242AD
:10A900000A000000000402420000000000080242A9
:10A910000C00000000040242030000000004024298
:10A92000040000000010024200000000001002427B
:10A9300002000000001002420300000001000200BB
:10A940000400060008000A000C001000200040006F
:10A950008000000101010103070100000804020456
:04A9600008010101E8
:08A96400BC61FE7F0100000050
:04A96C00A502000838
:04A970007D0200085C
:10A974000400002000000000C40000202C0100207E
:10A98400940100200000000000000000000000000E
:10A9940000000000000000000000000000000000B3
:10A9A40000000000000000000000000000000000A3
:10A9B4000000000000000000000000000000000093
:10A9C4000200000002000000871401000D000000D6
:10A9D40035000000020000000A000000FFFF000034
:10A9E40000093D001000000001000000000000000C
:10A9F4000000000000000000000000000100000052
:08AA040000000000000000004A
:0400000508002C655E
:00000001FF
